0 112
1 112
1 526
2 112
2 526
3 112
3 526
4 112
4 526
5 112
5 526
6 112
6 526
7 112
7 526
8 112
8 526
9 112
9 526
10 112
10 526
11 112
11 526
12 112
12 526
13 112
13 526
14 112
14 526
15 112
15 526
16 112
16 526
17 113
17 526
18 113
18 526
19 113
19 526
20 113
20 526
21 113
21 526
22 113
22 526
23 113
23 526
24 113
24 526
25 113
25 526
26 113
26 526
27 113
27 526
28 113
28 526
29 113
29 526
30 114
30 526
31 114
31 526
32 114
32 526
33 114
33 526
34 114
34 526
35 114
35 526
36 114
36 526
37 114
37 526
38 114
38 526
39 115
39 526
40 115
40 526
41 115
41 526
42 115
42 526
43 115
43 526
44 115
44 526
45 115
45 526
46 115
46 526
47 116
47 526
48 116
48 526
49 116
49 526
50 116
50 526
51 116
51 526
52 116
52 526
53 117
53 526
54 117
54 526
55 117
55 526
56 117
56 526
57 117
57 526
58 117
58 526
59 118
59 526
60 118
60 526
61 118
61 526
62 118
62 526
63 118
63 526
64 119
64 526
65 119
65 526
66 119
66 526
67 119
67 526
68 119
68 526
69 120
69 526
70 120
70 526
71 120
71 526
72 120
72 526
73 121
73 526
74 121
74 526
75 121
75 526
76 121
76 526
77 122
77 526
78 122
78 526
79 122
79 526
80 122
80 526
81 123
81 526
82 123
82 526
83 123
83 526
84 123
84 526
85 124
85 526
86 124
86 526
87 124
87 526
88 124
88 525
89 125
89 525
90 125
90 525
91 125
91 525
92 125
92 525
93 126
93 525
94 126
94 525
95 126
95 525
96 127
96 525
97 127
97 525
98 127
98 525
99 128
99 525
100 128
100 525
101 128
101 525
102 129
102 525
103 129
103 525
104 129
104 525
105 130
105 525
106 130
106 525
107 130
107 525
108 131
108 392
108 393
108 394
108 395
108 396
108 397
108 398
108 399
108 400
108 401
108 402
108 403
108 404
108 405
108 406
108 407
108 408
108 409
108 410
108 411
108 412
108 413
108 414
108 415
108 416
108 417
108 418
108 419
108 420
108 421
108 422
108 423
108 424
108 425
108 525
109 131
109 354
109 355
109 356
109 357
109 358
109 359
109 360
109 361
109 362
109 363
109 364
109 365
109 366
109 367
109 368
109 369
109 370
109 371
109 372
109 373
109 374
109 375
109 376
109 377
109 378
109 379
109 380
109 381
109 382
109 383
109 384
109 385
109 386
109 387
109 388
109 389
109 390
109 391
109 426
109 427
109 428
109 429
109 430
109 431
109 432
109 433
109 434
109 435
109 436
109 437
109 438
109 439
109 440
109 441
109 442
109 443
109 444
109 445
109 446
109 447
109 448
109 449
109 450
109 451
109 452
109 453
109 454
109 455
109 456
109 457
109 458
109 459
109 460
109 461
109 462
109 525
110 131
110 331
110 332
110 333
110 334
110 335
110 336
110 337
110 338
110 339
110 340
110 341
110 342
110 343
110 344
110 345
110 346
110 347
110 348
110 349
110 350
110 351
110 352
110 353
110 463
110 464
110 465
110 466
110 467
110 468
110 469
110 470
110 471
110 472
110 473
110 474
110 475
110 476
110 477
110 478
110 479
110 480
110 481
110 482
110 525
111 132
111 312
111 313
111 314
111 315
111 316
111 317
111 318
111 319
111 320
111 321
111 322
111 323
111 324
111 325
111 326
111 327
111 328
111 329
111 330
111 483
111 484
111 485
111 486
111 487
111 488
111 489
111 490
111 491
111 492
111 493
111 494
111 495
111 496
111 497
111 525
112 132
112 297
112 298
112 299
112 300
112 301
112 302
112 303
112 304
112 305
112 306
112 307
112 308
112 309
112 310
112 311
112 498
112 499
112 500
112 501
112 502
112 503
112 504
112 505
112 506
112 507
112 508
112 509
112 525
113 132
113 283
113 284
113 285
113 286
113 287
113 288
113 289
113 290
113 291
113 292
113 293
113 294
113 295
113 296
113 510
113 511
113 512
113 513
113 514
113 515
113 516
113 517
113 518
113 519
113 520
113 525
114 133
114 271
114 272
114 273
114 274
114 275
114 276
114 277
114 278
114 279
114 280
114 281
114 282
114 521
114 522
114 523
114 524
114 525
114 526
114 527
114 528
114 529
115 133
115 259
115 260
115 261
115 262
115 263
115 264
115 265
115 266
115 267
115 268
115 269
115 270
115 525
115 530
115 531
115 532
115 533
115 534
115 535
115 536
115 537
115 538
116 133
116 248
116 249
116 250
116 251
116 252
116 253
116 254
116 255
116 256
116 257
116 258
116 525
116 539
116 540
116 541
116 542
116 543
116 544
116 545
116 546
117 134
117 237
117 238
117 239
117 240
117 241
117 242
117 243
117 244
117 245
117 246
117 247
117 525
117 547
117 548
117 549
117 550
117 551
117 552
117 553
117 554
118 134
118 227
118 228
118 229
118 230
118 231
118 232
118 233
118 234
118 235
118 236
118 525
118 555
118 556
118 557
118 558
118 559
118 560
119 134
119 218
119 219
119 220
119 221
119 222
119 223
119 224
119 225
119 226
119 525
119 561
119 562
119 563
119 564
119 565
119 566
119 567
120 135
120 209
120 210
120 211
120 212
120 213
120 214
120 215
120 216
120 217
120 525
120 568
120 569
120 570
120 571
120 572
120 573
121 135
121 199
121 200
121 201
121 202
121 203
121 204
121 205
121 206
121 207
121 208
121 525
121 574
121 575
121 576
121 577
121 578
121 579
122 135
122 191
122 192
122 193
122 194
122 195
122 196
122 197
122 198
122 525
122 580
122 581
122 582
122 583
122 584
122 585
123 136
123 183
123 184
123 185
123 186
123 187
123 188
123 189
123 190
123 525
123 586
123 587
123 588
123 589
123 590
124 136
124 174
124 175
124 176
124 177
124 178
124 179
124 180
124 181
124 182
124 525
124 591
124 592
124 593
124 594
124 595
125 136
125 166
125 167
125 168
125 169
125 170
125 171
125 172
125 173
125 525
125 596
125 597
125 598
125 599
125 600
126 137
126 159
126 160
126 161
126 162
126 163
126 164
126 165
126 525
126 601
126 602
126 603
126 604
126 605
127 137
127 151
127 152
127 153
127 154
127 155
127 156
127 157
127 158
127 525
127 606
127 607
127 608
127 609
127 610
128 138
128 143
128 144
128 145
128 146
128 147
128 148
128 149
128 150
128 525
128 611
128 612
128 613
128 614
128 615
129 138
129 139
129 140
129 141
129 142
129 525
129 616
129 617
129 618
129 619
130 138
130 525
130 620
130 621
130 622
130 623
131 139
131 525
131 624
131 625
131 626
131 627
132 139
132 525
132 628
132 629
132 630
132 631
133 140
133 525
133 632
133 633
133 634
133 635
134 140
134 525
134 636
134 637
134 638
134 639
135 140
135 525
135 640
135 641
135 642
136 141
136 525
136 643
136 644
136 645
136 646
137 141
137 525
137 647
137 648
137 649
138 142
138 525
138 650
138 651
138 652
138 653
139 142
139 525
139 654
139 655
139 656
140 142
140 525
140 657
140 658
140 659
140 660
141 143
141 525
141 661
141 662
141 663
142 143
142 525
142 664
142 665
142 666
143 144
143 525
143 667
143 668
143 669
144 144
144 525
144 670
144 671
144 672
145 144
145 525
145 673
145 674
145 675
146 145
146 525
146 676
146 677
146 678
147 145
147 525
147 679
147 680
147 681
148 146
148 525
148 682
148 683
148 684
149 146
149 525
149 685
149 686
149 687
150 147
150 525
150 688
150 689
151 147
151 525
151 690
151 691
151 692
152 147
152 525
152 693
152 694
152 695
153 148
153 525
153 696
153 697
154 148
154 525
154 698
154 699
154 700
155 149
155 525
155 701
155 702
155 703
156 149
156 525
156 704
156 705
157 150
157 525
157 706
157 707
157 708
158 150
158 525
158 709
158 710
159 151
159 525
159 711
159 712
160 151
160 525
160 713
160 714
160 715
161 152
161 525
161 716
161 717
162 152
162 525
162 718
162 719
162 720
163 152
163 525
163 721
163 722
164 153
164 525
164 723
164 724
165 153
165 525
165 725
165 726
166 154
166 525
166 727
166 728
166 729
167 154
167 525
167 730
167 731
168 155
168 525
168 732
168 733
169 155
169 525
169 734
169 735
170 156
170 525
170 736
170 737
171 156
171 525
171 738
171 739
172 157
172 525
172 740
172 741
173 157
173 525
173 742
173 743
173 744
174 158
174 525
174 745
174 746
175 158
175 525
175 747
175 748
176 159
176 525
176 749
176 750
177 159
177 525
177 751
177 752
178 160
178 525
178 753
178 754
179 160
179 525
179 755
179 756
180 161
180 525
180 757
180 758
181 161
181 525
181 759
181 760
182 162
182 525
182 761
182 762
183 162
183 525
183 763
183 764
183 1079
184 162
184 525
184 765
184 766
184 1073
184 1074
184 1075
184 1076
184 1077
184 1078
185 163
185 525
185 767
185 768
185 1066
185 1067
185 1068
185 1069
185 1070
185 1071
185 1072
186 163
186 525
186 769
186 770
186 1061
186 1062
186 1063
186 1064
186 1065
187 164
187 525
187 771
187 772
187 1057
187 1058
187 1059
187 1060
188 164
188 525
188 773
188 774
188 1053
188 1054
188 1055
188 1056
189 165
189 525
189 775
189 776
189 1048
189 1049
189 1050
189 1051
189 1052
190 165
190 525
190 777
190 778
190 1044
190 1045
190 1046
190 1047
191 166
191 525
191 779
191 780
191 1040
191 1041
191 1042
191 1043
192 166
192 525
192 781
192 782
192 1036
192 1037
192 1038
192 1039
193 167
193 525
193 783
193 784
193 1033
193 1034
193 1035
194 168
194 525
194 785
194 786
194 1029
194 1030
194 1031
194 1032
195 168
195 525
195 787
195 1026
195 1027
195 1028
196 169
196 525
196 788
196 789
196 1023
196 1024
196 1025
197 169
197 525
197 790
197 791
197 1019
197 1020
197 1021
197 1022
198 170
198 525
198 792
198 793
198 1017
198 1018
199 170
199 525
199 794
199 795
199 1014
199 1015
199 1016
200 171
200 525
200 796
200 797
200 1011
200 1012
200 1013
201 171
201 525
201 798
201 799
201 1008
201 1009
201 1010
202 172
202 525
202 800
202 801
202 1006
202 1007
203 172
203 525
203 802
203 803
203 1003
203 1004
203 1005
204 173
204 525
204 804
204 805
204 806
204 1000
204 1001
204 1002
205 173
205 525
205 807
205 808
205 996
205 997
205 998
205 999
206 174
206 525
206 809
206 810
206 994
206 995
206 996
206 997
207 174
207 525
207 811
207 812
207 991
207 992
207 993
207 994
208 175
208 525
208 813
208 814
208 989
208 990
208 991
208 992
209 175
209 525
209 815
209 816
209 986
209 987
209 988
209 989
209 990
210 176
210 525
210 817
210 818
210 819
210 983
210 984
210 985
210 986
210 987
210 988
211 176
211 525
211 820
211 821
211 981
211 982
211 984
211 985
212 177
212 525
212 822
212 823
212 978
212 979
212 980
212 982
212 983
213 178
213 525
213 824
213 825
213 975
213 976
213 977
213 980
213 981
214 178
214 525
214 826
214 827
214 828
214 972
214 973
214 974
214 978
214 979
215 179
215 525
215 829
215 830
215 969
215 970
215 971
215 976
215 977
216 179
216 525
216 831
216 832
216 833
216 966
216 967
216 968
216 974
216 975
217 180
217 525
217 834
217 835
217 836
217 963
217 964
217 965
217 972
217 973
218 180
218 525
218 837
218 838
218 960
218 961
218 962
218 971
219 181
219 525
219 839
219 840
219 841
219 956
219 957
219 958
219 959
219 969
219 970
220 181
220 525
220 842
220 843
220 844
220 953
220 954
220 955
220 967
220 968
221 182
221 525
221 845
221 846
221 847
221 848
221 949
221 950
221 951
221 952
221 965
221 966
222 183
222 525
222 849
222 850
222 851
222 945
222 946
222 947
222 948
222 963
222 964
223 183
223 525
223 852
223 853
223 854
223 941
223 942
223 943
223 944
223 961
223 962
224 184
224 525
224 855
224 856
224 857
224 858
224 859
224 936
224 937
224 938
224 939
224 940
224 959
224 960
225 184
225 525
225 860
225 861
225 862
225 863
225 864
225 931
225 932
225 933
225 934
225 935
225 958
226 185
226 525
226 865
226 866
226 867
226 868
226 925
226 926
226 927
226 928
226 929
226 930
226 956
226 957
227 185
227 525
227 869
227 870
227 871
227 872
227 873
227 874
227 875
227 876
227 918
227 919
227 920
227 921
227 922
227 923
227 924
227 954
227 955
228 186
228 525
228 877
228 878
228 879
228 880
228 881
228 882
228 883
228 884
228 885
228 886
228 907
228 908
228 909
228 910
228 911
228 912
228 913
228 914
228 915
228 916
228 917
228 952
228 953
229 186
229 525
229 887
229 888
229 889
229 890
229 891
229 892
229 893
229 894
229 895
229 896
229 897
229 898
229 899
229 900
229 901
229 902
229 903
229 904
229 905
229 906
229 950
229 951
230 187
230 525
230 948
230 949
231 188
231 525
231 947
232 188
232 525
232 945
232 946
233 189
233 525
233 944
234 189
234 525
234 942
234 943
235 190
235 525
235 941
236 190
236 525
236 939
236 940
237 191
237 525
237 938
238 191
238 525
238 936
238 937
239 192
239 525
239 935
240 193
240 525
240 934
241 193
241 525
241 932
241 933
242 194
242 525
242 931
243 194
243 525
243 929
243 930
244 195
244 525
244 928
245 196
245 525
245 927
246 196
246 525
246 925
246 926
247 197
247 525
247 924
248 197
248 525
248 922
248 923
249 198
249 525
249 921
250 198
250 525
250 919
250 920
251 199
251 525
251 918
252 200
252 525
252 917
253 200
253 525
253 915
253 916
254 201
254 525
254 914
255 201
255 525
255 913
256 202
256 525
256 912
257 203
257 525
257 910
257 911
258 203
258 525
258 909
259 204
259 525
259 908
260 204
260 525
260 907
261 205
261 526
261 906
262 205
262 526
262 905
263 206
263 526
263 903
263 904
264 207
264 526
264 902
265 207
265 526
265 901
266 208
266 526
266 900
267 208
267 209
267 526
267 899
268 205
268 206
268 207
268 209
268 526
268 898
269 203
269 204
269 210
269 526
269 897
270 200
270 201
270 202
270 210
270 526
270 895
270 896
271 197
271 198
271 199
271 211
271 526
271 894
272 194
272 195
272 196
272 211
272 526
272 893
273 192
273 193
273 212
273 526
273 892
274 189
274 190
274 191
274 213
274 526
274 891
275 187
275 188
275 213
275 526
275 890
276 184
276 185
276 186
276 214
276 526
276 888
276 889
277 182
277 183
277 214
277 526
277 887
278 179
278 180
278 181
278 215
278 526
278 886
279 177
279 178
279 216
279 526
279 885
279 1079
280 175
280 176
280 216
280 526
280 884
280 1079
281 172
281 173
281 174
281 217
281 526
281 883
281 1079
282 170
282 171
282 217
282 526
282 882
282 1078
283 168
283 169
283 218
283 526
283 881
283 1078
284 166
284 167
284 219
284 526
284 880
284 1077
285 163
285 164
285 165
285 219
285 526
285 879
285 1077
286 161
286 162
286 220
286 526
286 878
286 1077
287 159
287 160
287 220
287 526
287 877
287 1076
288 157
288 158
288 221
288 526
288 876
288 1076
289 155
289 156
289 222
289 526
289 875
289 1075
290 153
290 154
290 222
290 526
290 874
290 1075
291 151
291 152
291 223
291 526
291 874
291 1075
292 149
292 150
292 223
292 526
292 873
292 1074
293 147
293 148
293 224
293 526
293 872
293 1074
294 0
294 145
294 146
294 225
294 526
294 871
294 1073
295 1
295 143
295 144
295 225
295 526
295 870
295 1073
296 2
296 141
296 142
296 226
296 526
296 869
296 1073
297 2
297 139
297 140
297 226
297 526
297 868
297 1072
298 3
298 137
298 138
298 227
298 526
298 867
298 1072
299 4
299 135
299 136
299 228
299 526
299 866
299 1071
300 4
300 133
300 134
300 228
300 526
300 865
300 1071
301 5
301 132
301 229
301 526
301 864
301 1071
302 6
302 130
302 131
302 229
302 526
302 863
302 1070
303 7
303 128
303 129
303 230
303 526
303 862
303 1070
304 7
304 126
304 127
304 231
304 526
304 861
304 1070
305 8
305 124
305 125
305 231
305 526
305 860
305 1069
306 9
306 122
306 123
306 232
306 526
306 859
306 1069
307 10
307 121
307 232
307 526
307 858
307 1068
308 10
308 119
308 120
308 233
308 526
308 857
308 1068
309 11
309 117
309 118
309 234
309 526
309 857
309 1068
310 12
310 115
310 116
310 234
310 526
310 856
310 1067
311 13
311 114
311 235
311 526
311 855
311 1067
312 14
312 112
312 113
312 235
312 526
312 854
312 1066
313 15
313 110
313 111
313 236
313 526
313 853
313 1066
314 15
314 108
314 109
314 236
314 526
314 853
314 1066
315 16
315 106
315 107
315 237
315 526
315 852
315 1065
316 17
316 104
316 105
316 238
316 526
316 851
316 1065
317 18
317 103
317 238
317 526
317 850
317 1064
318 19
318 101
318 102
318 239
318 526
318 849
318 1064
319 20
319 99
319 100
319 239
319 527
319 848
319 1064
320 21
320 97
320 98
320 240
320 527
320 848
320 1063
321 22
321 95
321 96
321 241
321 527
321 847
321 1063
322 23
322 93
322 94
322 241
322 527
322 846
322 1063
323 24
323 25
323 91
323 92
323 242
323 527
323 845
323 1062
324 26
324 90
324 242
324 527
324 844
324 1062
325 27
325 88
325 89
325 243
325 527
325 844
325 1061
326 28
326 85
326 86
326 87
326 244
326 527
326 843
326 1061
327 29
327 30
327 83
327 84
327 244
327 527
327 842
327 1061
328 31
328 81
328 82
328 245
328 527
328 841
328 1060
329 32
329 33
329 79
329 80
329 245
329 527
329 840
329 1060
330 34
330 76
330 77
330 78
330 246
330 527
330 839
330 1059
331 35
331 36
331 37
331 74
331 75
331 247
331 527
331 839
331 1059
332 38
332 39
332 71
332 72
332 73
332 247
332 527
332 838
332 1059
333 40
333 41
333 68
333 69
333 70
333 248
333 527
333 837
333 1058
334 42
334 43
334 44
334 45
334 63
334 64
334 65
334 66
334 67
334 248
334 527
334 836
334 1058
335 46
335 47
335 48
335 49
335 50
335 51
335 52
335 53
335 54
335 55
335 56
335 57
335 58
335 59
335 60
335 61
335 62
335 249
335 527
335 835
335 1058
336 250
336 527
336 835
336 1057
337 250
337 527
337 834
337 1057
338 251
338 527
338 833
338 1056
339 251
339 527
339 832
339 1056
340 252
340 527
340 832
340 1056
341 253
341 527
341 831
341 1055
342 253
342 527
342 830
342 1055
343 254
343 527
343 829
343 1054
344 254
344 527
344 829
344 1054
345 255
345 527
345 828
345 1054
346 256
346 527
346 827
346 1053
347 256
347 527
347 827
347 1053
348 257
348 528
348 826
348 1053
349 257
349 528
349 825
349 1052
350 258
350 528
350 824
350 1052
351 258
351 528
351 824
351 1051
352 259
352 528
352 823
352 1051
353 260
353 528
353 822
353 1051
354 260
354 528
354 822
354 1050
355 261
355 528
355 821
355 1050
356 261
356 528
356 820
356 1050
357 261
357 262
357 528
357 819
357 1049
358 260
358 263
358 528
358 819
358 1049
359 260
359 263
359 528
359 818
359 1048
360 259
360 264
360 528
360 817
360 1048
361 259
361 264
361 528
361 817
361 1048
362 258
362 265
362 528
362 816
362 1047
363 258
363 265
363 528
363 815
363 1047
364 257
364 266
364 528
364 814
364 1047
365 257
365 267
365 528
365 814
365 1046
366 256
366 267
366 528
366 813
366 1046
367 256
367 268
367 528
367 812
367 1045
368 255
368 268
368 528
368 812
368 1045
369 255
369 269
369 528
369 811
369 1045
370 254
370 269
370 529
370 810
370 1044
371 253
371 270
371 529
371 810
371 1044
372 253
372 271
372 529
372 809
372 1044
373 252
373 271
373 529
373 808
373 1043
374 252
374 272
374 529
374 808
374 1043
375 251
375 272
375 529
375 807
375 1042
376 251
376 273
376 529
376 807
376 1042
377 250
377 273
377 529
377 806
377 1042
378 250
378 274
378 529
378 805
378 1041
379 249
379 275
379 529
379 805
379 1041
380 249
380 275
380 529
380 804
380 1041
381 248
381 276
381 529
381 803
381 1040
382 248
382 276
382 529
382 803
382 1040
383 247
383 277
383 529
383 802
383 1039
384 247
384 277
384 529
384 801
384 1039
385 246
385 278
385 529
385 801
385 1039
386 246
386 279
386 530
386 800
386 1038
387 245
387 279
387 530
387 799
387 1038
388 245
388 280
388 530
388 799
388 1038
389 244
389 280
389 530
389 798
389 1037
390 244
390 281
390 530
390 798
390 1037
391 243
391 281
391 530
391 797
391 1036
392 243
392 282
392 530
392 796
392 1036
393 242
393 282
393 530
393 796
393 1036
394 242
394 283
394 530
394 795
394 1035
395 241
395 284
395 530
395 794
395 1035
396 241
396 284
396 530
396 794
396 1035
397 240
397 285
397 530
397 793
397 1034
398 240
398 285
398 530
398 792
398 1034
399 240
399 286
399 530
399 792
399 1033
400 239
400 286
400 531
400 791
400 1033
401 239
401 287
401 531
401 791
401 1033
402 238
402 287
402 531
402 790
402 1032
403 238
403 288
403 531
403 789
403 1032
404 237
404 289
404 531
404 789
404 1032
405 237
405 289
405 531
405 788
405 1031
406 236
406 290
406 531
406 788
406 1031
407 236
407 290
407 531
407 787
407 1031
408 235
408 291
408 531
408 786
408 1030
409 235
409 291
409 531
409 786
409 1030
410 234
410 292
410 531
410 785
410 1029
411 234
411 292
411 532
411 785
411 1029
412 234
412 293
412 532
412 784
412 1029
413 233
413 293
413 532
413 783
413 1028
414 233
414 294
414 532
414 783
414 1028
415 232
415 295
415 532
415 782
415 1028
416 232
416 295
416 532
416 782
416 1027
417 231
417 296
417 532
417 781
417 1027
418 231
418 296
418 532
418 780
418 1026
419 230
419 297
419 532
419 780
419 1026
420 230
420 297
420 532
420 779
420 1026
421 230
421 298
421 533
421 779
421 1025
422 229
422 298
422 533
422 778
422 1025
423 229
423 299
423 533
423 778
423 1025
424 228
424 299
424 533
424 777
424 1024
425 228
425 300
425 533
425 776
425 1024
426 228
426 300
426 533
426 776
426 1024
427 227
427 301
427 533
427 775
427 1023
428 227
428 301
428 533
428 775
428 1023
429 226
429 302
429 533
429 774
429 1022
430 226
430 302
430 534
430 773
430 1022
431 225
431 303
431 534
431 773
431 1022
432 225
432 303
432 534
432 772
432 1021
433 225
433 304
433 305
433 534
433 772
433 1021
434 224
434 304
434 306
434 534
434 771
434 1021
435 224
435 305
435 307
435 534
435 771
435 1020
436 223
436 306
436 308
436 534
436 770
436 1020
437 223
437 306
437 309
437 534
437 769
437 1020
438 223
438 307
438 309
438 535
438 769
438 1019
439 222
439 307
439 310
439 535
439 768
439 1019
440 222
440 308
440 311
440 535
440 768
440 1018
441 221
441 308
441 312
441 535
441 767
441 1018
442 221
442 309
442 313
442 535
442 767
442 1018
443 221
443 309
443 314
443 535
443 766
443 1017
444 220
444 310
444 315
444 535
444 765
444 1017
445 220
445 310
445 316
445 536
445 765
445 1017
446 219
446 311
446 317
446 536
446 764
446 1016
447 219
447 311
447 317
447 536
447 764
447 1016
448 218
448 312
448 318
448 536
448 763
448 1016
449 218
449 312
449 319
449 536
449 763
449 1015
450 218
450 312
450 320
450 536
450 762
450 1015
451 217
451 313
451 321
451 537
451 761
451 1014
452 217
452 313
452 322
452 537
452 761
452 1014
453 217
453 314
453 323
453 537
453 760
453 1014
454 216
454 314
454 324
454 537
454 760
454 1013
455 216
455 315
455 325
455 537
455 759
455 1013
456 216
456 315
456 325
456 537
456 759
456 1013
457 215
457 316
457 326
457 538
457 758
457 1012
458 215
458 316
458 327
458 538
458 758
458 1012
459 214
459 317
459 328
459 538
459 757
459 1012
460 214
460 317
460 329
460 538
460 756
460 1011
461 214
461 318
461 330
461 538
461 756
461 1011
462 213
462 318
462 331
462 538
462 755
462 1010
463 213
463 319
463 332
463 539
463 755
463 1010
464 213
464 319
464 333
464 539
464 754
464 1010
465 212
465 320
465 334
465 539
465 754
465 1009
466 212
466 320
466 334
466 539
466 753
466 1009
467 211
467 321
467 335
467 539
467 753
467 1009
468 211
468 321
468 336
468 540
468 752
468 1008
469 211
469 322
469 337
469 540
469 751
469 1008
470 210
470 322
470 338
470 540
470 751
470 1008
471 210
471 323
471 339
471 540
471 750
471 1007
472 210
472 323
472 340
472 540
472 750
472 1007
473 209
473 324
473 341
473 541
473 749
473 1007
474 209
474 324
474 342
474 541
474 749
474 1006
475 208
475 324
475 343
475 541
475 748
475 1006
476 208
476 325
476 344
476 541
476 748
476 1005
477 208
477 325
477 345
477 542
477 747
477 1005
478 207
478 326
478 346
478 542
478 746
478 1005
479 207
479 326
479 347
479 542
479 746
479 1004
480 207
480 327
480 347
480 542
480 745
480 1004
481 206
481 327
481 348
481 543
481 745
481 1004
482 206
482 328
482 349
482 543
482 744
482 1003
483 206
483 328
483 350
483 543
483 744
483 1003
484 205
484 329
484 351
484 543
484 743
484 1003
485 205
485 329
485 352
485 544
485 743
485 1002
486 205
486 329
486 353
486 544
486 742
486 1002
487 204
487 330
487 354
487 544
487 741
487 1001
488 204
488 330
488 355
488 544
488 741
488 1001
489 204
489 331
489 356
489 545
489 740
489 1001
490 203
490 331
490 357
490 545
490 740
490 1000
491 203
491 332
491 358
491 545
491 739
491 1000
492 203
492 332
492 359
492 545
492 739
492 1000
493 202
493 333
493 360
493 546
493 738
493 999
494 202
494 333
494 361
494 546
494 737
494 999
495 202
495 334
495 362
495 546
495 737
495 999
496 201
496 334
496 363
496 547
496 736
496 998
497 201
497 334
497 364
497 547
497 736
497 998
498 201
498 335
498 365
498 547
498 735
498 998
499 201
499 335
499 366
499 548
499 735
499 997
500 200
500 336
500 366
500 548
500 734
500 997
501 200
501 336
501 367
501 548
501 734
501 996
502 200
502 337
502 368
502 549
502 733
502 996
503 199
503 337
503 369
503 549
503 732
503 996
504 199
504 337
504 370
504 549
504 732
504 995
505 199
505 338
505 371
505 550
505 731
505 995
506 198
506 338
506 372
506 550
506 731
506 995
507 198
507 339
507 373
507 550
507 730
507 994
508 198
508 339
508 374
508 551
508 730
508 994
509 197
509 339
509 375
509 551
509 729
509 994
510 197
510 340
510 376
510 551
510 728
510 993
511 197
511 340
511 377
511 552
511 728
511 993
512 196
512 341
512 378
512 552
512 727
512 993
513 196
513 341
513 379
513 552
513 727
513 992
514 196
514 341
514 380
514 553
514 726
514 992
515 196
515 342
515 381
515 553
515 726
515 991
516 195
516 342
516 382
516 554
516 725
516 991
517 195
517 343
517 383
517 554
517 724
517 991
518 195
518 343
518 384
518 554
518 724
518 990
519 194
519 344
519 385
519 555
519 723
519 990
520 194
520 344
520 386
520 555
520 723
520 990
521 194
521 344
521 387
521 556
521 722
521 989
522 194
522 345
522 388
522 556
522 722
522 989
523 193
523 345
523 389
523 556
523 721
523 989
524 193
524 346
524 390
524 557
524 720
524 988
525 193
525 346
525 391
525 557
525 720
525 988
526 192
526 346
526 392
526 558
526 719
526 988
527 192
527 347
527 393
527 558
527 719
527 987
528 192
528 347
528 394
528 559
528 718
528 987
529 191
529 348
529 395
529 559
529 717
529 986
530 191
530 348
530 396
530 560
530 717
530 986
531 191
531 348
531 397
531 560
531 716
531 986
532 191
532 349
532 398
532 560
532 716
532 985
533 190
533 349
533 399
533 400
533 561
533 715
533 985
534 190
534 349
534 401
534 561
534 714
534 985
535 190
535 350
535 402
535 562
535 714
535 984
536 189
536 350
536 403
536 562
536 713
536 984
537 189
537 351
537 404
537 563
537 713
537 984
538 189
538 351
538 405
538 563
538 712
538 983
539 189
539 351
539 406
539 564
539 711
539 983
540 188
540 352
540 407
540 564
540 711
540 983
541 188
541 352
541 408
541 565
541 710
541 982
542 188
542 352
542 409
542 565
542 710
542 982
543 188
543 353
543 410
543 566
543 709
543 982
544 187
544 353
544 411
544 566
544 708
544 981
545 187
545 353
545 412
545 413
545 567
545 708
545 981
546 187
546 354
546 414
546 568
546 707
546 980
547 187
547 354
547 415
547 568
547 707
547 980
548 186
548 355
548 416
548 569
548 706
548 980
549 186
549 355
549 417
549 569
549 705
549 979
550 186
550 355
550 418
550 570
550 705
550 979
551 185
551 356
551 419
551 570
551 704
551 979
552 185
552 356
552 420
552 571
552 703
552 978
553 185
553 356
553 421
553 571
553 703
553 978
554 185
554 357
554 422
554 572
554 702
554 978
555 184
555 357
555 423
555 424
555 573
555 701
555 977
556 184
556 358
556 425
556 573
556 700
556 977
557 184
557 358
557 426
557 574
557 700
557 977
558 184
558 358
558 427
558 574
558 699
558 976
559 183
559 359
559 428
559 575
559 698
559 976
560 183
560 359
560 429
560 576
560 698
560 976
561 183
561 359
561 430
561 576
561 697
561 975
562 183
562 360
562 431
562 432
562 577
562 696
562 975
563 182
563 360
563 433
563 577
563 696
563 975
564 182
564 360
564 434
564 578
564 695
564 974
565 182
565 361
565 435
565 579
565 694
565 974
566 182
566 361
566 436
566 579
566 694
566 973
567 181
567 361
567 437
567 580
567 693
567 973
568 181
568 361
568 438
568 439
568 581
568 692
568 973
569 181
569 362
569 440
569 581
569 692
569 972
570 181
570 362
570 441
570 582
570 691
570 972
571 180
571 362
571 442
571 583
571 690
571 972
572 180
572 363
572 443
572 583
572 690
572 971
573 180
573 363
573 444
573 445
573 584
573 689
573 971
574 180
574 363
574 446
574 585
574 688
574 971
575 179
575 364
575 447
575 585
575 687
575 970
576 179
576 364
576 448
576 586
576 687
576 970
577 179
577 364
577 449
577 450
577 587
577 686
577 970
578 179
578 365
578 451
578 587
578 685
578 969
579 178
579 365
579 452
579 588
579 684
579 969
580 178
580 365
580 453
580 589
580 683
580 968
581 178
581 366
581 454
581 455
581 589
581 683
581 968
582 178
582 366
582 456
582 590
582 682
582 968
583 178
583 366
583 457
583 591
583 681
583 967
584 177
584 367
584 458
584 591
584 680
584 967
585 177
585 367
585 459
585 460
585 592
585 679
585 967
586 177
586 367
586 461
586 593
586 679
586 966
587 177
587 368
587 462
587 594
587 678
587 966
588 176
588 368
588 463
588 464
588 594
588 677
588 966
589 176
589 368
589 465
589 595
589 676
589 965
590 176
590 369
590 466
590 596
590 676
590 965
591 176
591 369
591 467
591 468
591 596
591 675
591 965
592 175
592 369
592 469
592 597
592 674
592 964
593 175
593 369
593 470
593 471
593 598
593 673
593 964
594 175
594 370
594 472
594 599
594 672
594 964
595 175
595 370
595 473
595 599
595 671
595 963
596 175
596 370
596 474
596 475
596 600
596 670
596 963
597 174
597 371
597 476
597 601
597 669
597 963
598 174
598 371
598 477
598 601
598 668
598 962
599 174
599 371
599 478
599 479
599 602
599 667
599 962
600 174
600 371
600 480
600 603
600 666
600 961
601 173
601 372
601 481
601 482
601 604
601 665
601 961
602 173
602 372
602 483
602 604
602 664
602 961
603 173
603 372
603 484
603 485
603 605
603 663
603 960
604 173
604 372
604 486
604 606
604 662
604 960
605 173
605 373
605 487
605 488
605 607
605 661
605 960
606 172
606 373
606 489
606 490
606 607
606 660
606 959
607 172
607 373
607 491
607 608
607 659
607 959
608 172
608 374
608 492
608 493
608 609
608 658
608 959
609 172
609 374
609 494
609 610
609 657
609 958
610 172
610 374
610 495
610 496
610 610
610 656
610 958
611 171
611 366
611 367
611 368
611 369
611 370
611 371
611 372
611 373
611 374
611 375
611 497
611 498
611 611
611 655
611 958
612 171
612 362
612 363
612 364
612 365
612 375
612 499
612 612
612 654
612 957
613 171
613 358
613 359
613 360
613 361
613 375
613 500
613 501
613 613
613 653
613 957
614 171
614 356
614 357
614 375
614 502
614 503
614 613
614 652
614 957
615 171
615 354
615 355
615 376
615 504
615 614
615 651
615 956
616 170
616 352
616 353
616 376
616 505
616 506
616 615
616 649
616 650
616 956
617 170
617 351
617 376
617 507
617 508
617 615
617 648
617 956
618 170
618 349
618 350
618 376
618 509
618 510
618 616
618 647
618 955
619 170
619 348
619 377
619 511
619 512
619 617
619 646
619 955
620 169
620 347
620 377
620 513
620 514
620 618
620 644
620 645
620 954
621 169
621 345
621 346
621 377
621 515
621 516
621 618
621 643
621 954
622 169
622 344
622 377
622 517
622 518
622 619
622 641
622 642
622 954
623 169
623 343
623 378
623 519
623 520
623 620
623 640
623 953
624 169
624 342
624 378
624 521
624 522
624 621
624 638
624 639
624 953
625 168
625 341
625 378
625 523
625 524
625 621
625 637
625 953
626 168
626 340
626 378
626 525
626 526
626 622
626 635
626 636
626 952
627 168
627 339
627 379
627 527
627 528
627 623
627 633
627 634
627 952
628 168
628 338
628 379
628 529
628 530
628 531
628 624
628 631
628 632
628 952
629 168
629 338
629 379
629 532
629 533
629 624
629 629
629 630
629 951
630 167
630 337
630 379
630 534
630 535
630 536
630 625
630 628
630 951
631 167
631 336
631 380
631 537
631 538
631 626
631 627
631 951
632 167
632 335
632 380
632 539
632 540
632 541
632 623
632 624
632 625
632 628
632 950
633 167
633 334
633 380
633 542
633 543
633 544
633 621
633 622
633 629
633 950
634 167
634 334
634 380
634 545
634 546
634 547
634 618
634 619
634 620
634 629
634 950
635 166
635 333
635 380
635 548
635 549
635 550
635 551
635 616
635 617
635 630
635 949
636 166
636 332
636 381
636 552
636 553
636 554
636 612
636 613
636 614
636 615
636 631
636 949
637 166
637 332
637 381
637 555
637 556
637 557
637 558
637 559
637 608
637 609
637 610
637 611
637 632
637 949
638 166
638 331
638 381
638 560
638 561
638 562
638 563
638 605
638 606
638 607
638 633
638 948
639 166
639 330
639 381
639 564
639 565
639 566
639 567
639 568
639 569
639 570
639 598
639 599
639 600
639 601
639 602
639 603
639 604
639 633
639 948
640 166
640 330
640 382
640 571
640 572
640 573
640 574
640 575
640 576
640 577
640 578
640 579
640 580
640 581
640 582
640 583
640 584
640 585
640 586
640 587
640 588
640 589
640 590
640 591
640 592
640 593
640 594
640 595
640 596
640 597
640 634
640 947
641 165
641 329
641 382
641 635
641 947
642 165
642 328
642 382
642 636
642 947
643 165
643 328
643 382
643 637
643 946
644 165
644 327
644 383
644 637
644 946
645 165
645 327
645 383
645 638
645 946
646 164
646 326
646 383
646 639
646 945
647 164
647 326
647 383
647 640
647 945
648 164
648 325
648 383
648 641
648 945
649 164
649 325
649 384
649 641
649 944
650 164
650 324
650 384
650 642
650 944
651 164
651 324
651 384
651 643
651 944
652 163
652 323
652 384
652 644
652 943
653 163
653 323
653 385
653 645
653 943
654 163
654 322
654 385
654 645
654 943
655 163
655 322
655 385
655 646
655 942
656 163
656 321
656 385
656 647
656 942
657 162
657 321
657 385
657 648
657 942
658 162
658 320
658 386
658 648
658 941
659 162
659 320
659 386
659 649
659 941
660 162
660 319
660 386
660 650
660 940
661 162
661 319
661 386
661 651
661 940
662 162
662 319
662 386
662 651
662 940
663 161
663 318
663 387
663 652
663 939
664 161
664 318
664 387
664 653
664 939
665 161
665 317
665 387
665 653
665 939
666 161
666 317
666 387
666 654
666 938
667 161
667 317
667 387
667 655
667 938
668 160
668 316
668 388
668 655
668 938
669 160
669 316
669 388
669 656
669 937
670 160
670 316
670 388
670 657
670 937
671 160
671 315
671 388
671 657
671 937
672 160
672 315
672 388
672 658
672 936
673 160
673 314
673 389
673 658
673 936
674 159
674 314
674 389
674 659
674 936
675 159
675 314
675 389
675 660
675 935
676 159
676 313
676 389
676 660
676 935
677 159
677 313
677 389
677 661
677 935
678 159
678 313
678 389
678 662
678 934
679 159
679 312
679 390
679 662
679 934
680 158
680 312
680 390
680 663
680 934
681 158
681 312
681 390
681 664
681 933
682 158
682 311
682 390
682 664
682 933
683 158
683 311
683 390
683 665
683 933
684 158
684 311
684 390
684 666
684 932
685 158
685 310
685 391
685 666
685 932
686 157
686 310
686 391
686 667
686 931
687 157
687 310
687 391
687 668
687 931
688 157
688 309
688 391
688 668
688 931
689 157
689 309
689 391
689 669
689 930
690 157
690 309
690 391
690 670
690 930
691 157
691 309
691 392
691 670
691 930
692 156
692 308
692 392
692 671
692 929
693 156
693 308
693 392
693 671
693 929
694 156
694 308
694 392
694 672
694 929
695 156
695 307
695 392
695 672
695 928
696 156
696 307
696 392
696 673
696 928
697 156
697 307
697 392
697 673
697 928
698 155
698 307
698 393
698 674
698 927
699 155
699 306
699 393
699 674
699 927
700 155
700 306
700 393
700 675
700 927
701 155
701 306
701 393
701 676
701 926
702 155
702 306
702 393
702 676
702 926
703 155
703 305
703 393
703 677
703 926
704 155
704 305
704 393
704 677
704 925
705 154
705 305
705 394
705 678
705 925
706 154
706 305
706 394
706 678
706 925
707 154
707 304
707 394
707 679
707 924
708 154
708 304
708 394
708 679
708 924
709 154
709 304
709 394
709 680
709 924
710 154
710 304
710 394
710 680
710 923
711 153
711 303
711 394
711 681
711 923
712 153
712 303
712 395
712 681
712 923
713 153
713 303
713 395
713 682
713 922
714 153
714 303
714 395
714 682
714 922
715 153
715 302
715 395
715 683
715 921
716 153
716 302
716 395
716 683
716 921
717 153
717 302
717 395
717 684
717 921
718 152
718 302
718 395
718 685
718 920
719 152
719 301
719 395
719 685
719 920
720 152
720 301
720 395
720 686
720 920
721 152
721 301
721 396
721 686
721 919
722 152
722 301
722 396
722 687
722 919
723 152
723 301
723 396
723 687
723 919
724 151
724 300
724 396
724 688
724 918
725 151
725 300
725 396
725 688
725 918
726 151
726 300
726 396
726 689
726 918
727 151
727 300
727 396
727 689
727 917
728 151
728 300
728 396
728 690
728 917
729 151
729 299
729 397
729 690
729 917
730 151
730 299
730 397
730 691
730 916
731 150
731 299
731 397
731 691
731 916
732 150
732 299
732 397
732 691
732 916
733 150
733 298
733 397
733 692
733 915
734 150
734 298
734 397
734 692
734 915
735 150
735 298
735 397
735 693
735 915
736 150
736 298
736 397
736 693
736 914
737 150
737 298
737 397
737 694
737 914
738 149
738 297
738 397
738 694
738 914
739 149
739 297
739 397
739 695
739 913
740 149
740 297
740 398
740 695
740 913
741 149
741 297
741 398
741 695
741 913
742 149
742 297
742 398
742 696
742 912
743 149
743 297
743 398
743 696
743 912
744 149
744 296
744 398
744 697
744 911
745 148
745 296
745 398
745 697
745 911
746 148
746 296
746 398
746 698
746 911
747 148
747 296
747 398
747 698
747 910
748 148
748 296
748 398
748 698
748 910
749 148
749 295
749 398
749 699
749 910
750 148
750 295
750 398
750 699
750 909
751 148
751 295
751 398
751 700
751 909
752 147
752 295
752 399
752 700
752 909
753 147
753 295
753 399
753 701
753 908
754 147
754 295
754 399
754 701
754 908
755 147
755 294
755 399
755 702
755 908
756 147
756 294
756 399
756 702
756 907
757 147
757 294
757 399
757 702
757 907
758 147
758 294
758 399
758 703
758 907
759 146
759 294
759 399
759 703
759 906
760 146
760 294
760 399
760 704
760 906
761 146
761 293
761 399
761 704
761 906
762 146
762 293
762 399
762 705
762 905
763 146
763 293
763 399
763 705
763 905
764 146
764 293
764 399
764 705
764 905
765 146
765 293
765 399
765 706
765 904
766 145
766 293
766 399
766 706
766 904
767 145
767 293
767 400
767 707
767 904
768 145
768 292
768 400
768 707
768 903
769 145
769 292
769 400
769 707
769 903
770 145
770 292
770 400
770 708
770 902
771 145
771 292
771 400
771 708
771 902
772 145
772 292
772 400
772 708
772 902
773 144
773 292
773 400
773 709
773 901
774 144
774 291
774 400
774 709
774 901
775 144
775 291
775 400
775 709
775 901
776 144
776 291
776 400
776 710
776 900
777 144
777 291
777 400
777 710
777 900
778 144
778 291
778 400
778 711
778 900
779 144
779 291
779 400
779 711
779 899
780 143
780 291
780 400
780 711
780 899
781 143
781 290
781 400
781 712
781 899
782 143
782 290
782 400
782 712
782 898
783 143
783 290
783 400
783 712
783 898
784 143
784 290
784 400
784 713
784 898
785 143
785 290
785 400
785 713
785 897
786 142
786 290
786 400
786 713
786 897
787 142
787 290
787 400
787 714
787 897
788 142
788 289
788 400
788 714
788 896
789 142
789 289
789 400
789 715
789 896
790 142
790 289
790 400
790 715
790 896
791 142
791 289
791 400
791 715
791 895
792 142
792 289
792 400
792 716
792 895
793 141
793 289
793 400
793 716
793 895
794 141
794 289
794 401
794 716
794 894
795 141
795 288
795 401
795 717
795 894
796 141
796 288
796 401
796 717
796 894
797 141
797 288
797 401
797 717
797 893
798 141
798 288
798 401
798 718
798 893
799 141
799 288
799 401
799 718
799 893
800 140
800 288
800 401
800 719
800 892
801 140
801 288
801 401
801 719
801 892
802 140
802 287
802 401
802 719
802 892
803 140
803 287
803 401
803 720
803 891
804 140
804 287
804 401
804 720
804 891
805 140
805 287
805 401
805 720
805 890
806 140
806 287
806 401
806 721
806 890
807 139
807 287
807 401
807 721
807 890
808 139
808 287
808 401
808 721
808 889
809 139
809 287
809 401
809 722
809 889
810 139
810 286
810 401
810 722
810 889
811 139
811 286
811 401
811 722
811 888
812 139
812 286
812 401
812 722
812 888
813 139
813 286
813 401
813 723
813 888
814 138
814 286
814 401
814 723
814 887
815 138
815 286
815 401
815 723
815 887
816 138
816 286
816 401
816 724
816 887
817 138
817 286
817 401
817 724
817 886
818 138
818 286
818 401
818 724
818 886
819 138
819 285
819 401
819 725
819 886
820 138
820 285
820 401
820 725
820 885
821 137
821 285
821 401
821 725
821 885
822 137
822 285
822 401
822 726
822 885
823 137
823 285
823 401
823 726
823 884
824 137
824 285
824 401
824 726
824 884
825 137
825 285
825 401
825 726
825 884
826 137
826 285
826 401
826 727
826 883
827 137
827 284
827 401
827 727
827 883
828 136
828 284
828 401
828 727
828 883
829 136
829 284
829 401
829 728
829 882
830 136
830 284
830 401
830 728
830 882
831 136
831 284
831 400
831 728
831 882
832 136
832 284
832 400
832 729
832 881
833 136
833 284
833 400
833 729
833 881
834 136
834 284
834 400
834 729
834 881
835 135
835 284
835 400
835 730
835 880
836 135
836 283
836 400
836 730
836 880
837 135
837 283
837 400
837 730
837 880
838 135
838 283
838 400
838 730
838 879
839 135
839 283
839 400
839 731
839 879
840 135
840 283
840 400
840 731
840 878
841 135
841 283
841 400
841 731
841 878
842 134
842 283
842 400
842 732
842 878
843 134
843 283
843 400
843 732
843 877
844 134
844 282
844 400
844 732
844 877
845 134
845 282
845 400
845 733
845 877
846 134
846 282
846 400
846 733
846 876
847 134
847 282
847 400
847 733
847 876
848 134
848 282
848 400
848 733
848 876
849 133
849 282
849 400
849 734
849 875
850 133
850 282
850 400
850 734
850 875
851 133
851 282
851 400
851 734
851 875
852 133
852 282
852 400
852 734
852 874
853 133
853 282
853 400
853 735
853 874
854 133
854 282
854 400
854 735
854 874
855 133
855 281
855 400
855 735
855 873
856 132
856 281
856 400
856 735
856 873
857 132
857 281
857 399
857 736
857 873
858 132
858 281
858 399
858 736
858 872
859 132
859 281
859 399
859 736
859 872
860 132
860 281
860 399
860 736
860 872
861 132
861 281
861 399
861 737
861 871
862 131
862 281
862 399
862 737
862 871
863 131
863 281
863 399
863 737
863 871
864 131
864 281
864 399
864 737
864 870
865 131
865 280
865 399
865 738
865 870
866 131
866 280
866 399
866 738
866 870
867 131
867 280
867 399
867 738
867 869
868 131
868 280
868 399
868 738
868 869
869 130
869 280
869 399
869 739
869 869
870 130
870 280
870 399
870 739
870 868
871 130
871 280
871 399
871 739
871 868
872 130
872 280
872 399
872 739
872 868
873 130
873 280
873 398
873 740
873 867
874 130
874 280
874 398
874 740
874 867
875 129
875 279
875 398
875 740
875 867
876 129
876 279
876 398
876 741
876 866
877 129
877 279
877 398
877 741
877 866
878 129
878 279
878 398
878 741
878 866
879 129
879 279
879 398
879 741
879 865
880 129
880 279
880 398
880 742
880 865
881 129
881 279
881 398
881 742
881 864
882 128
882 279
882 398
882 742
882 864
883 128
883 279
883 398
883 742
883 864
884 128
884 279
884 398
884 743
884 863
885 128
885 279
885 397
885 472
885 473
885 474
885 475
885 476
885 477
885 478
885 479
885 480
885 481
885 482
885 483
885 484
885 485
885 486
885 487
885 488
885 489
885 490
885 491
885 492
885 493
885 494
885 495
885 496
885 497
885 498
885 499
885 500
885 501
885 502
885 503
885 504
885 505
885 506
885 507
885 508
885 509
885 510
885 511
885 512
885 513
885 514
885 743
885 863
886 128
886 278
886 397
886 451
886 452
886 453
886 454
886 455
886 456
886 457
886 458
886 459
886 460
886 461
886 462
886 463
886 464
886 465
886 466
886 467
886 468
886 469
886 470
886 471
886 515
886 516
886 517
886 518
886 519
886 520
886 521
886 522
886 523
886 524
886 525
886 526
886 527
886 528
886 529
886 530
886 531
886 532
886 743
886 863
887 128
887 278
887 397
887 437
887 438
887 439
887 440
887 441
887 442
887 443
887 444
887 445
887 446
887 447
887 448
887 449
887 450
887 533
887 534
887 535
887 536
887 537
887 538
887 539
887 540
887 541
887 542
887 743
887 862
888 127
888 278
888 397
888 423
888 424
888 425
888 426
888 427
888 428
888 429
888 430
888 431
888 432
888 433
888 434
888 435
888 436
888 543
888 544
888 545
888 546
888 547
888 548
888 549
888 550
888 744
888 862
889 127
889 278
889 397
889 413
889 414
889 415
889 416
889 417
889 418
889 419
889 420
889 421
889 422
889 551
889 552
889 553
889 554
889 555
889 556
889 744
889 862
890 0
890 1
890 2
890 3
890 4
890 5
890 6
890 7
890 8
890 9
890 10
890 127
890 278
890 397
890 403
890 404
890 405
890 406
890 407
890 408
890 409
890 410
890 411
890 412
890 557
890 558
890 559
890 560
890 561
890 562
890 563
890 744
890 861
891 11
891 12
891 13
891 14
891 15
891 16
891 17
891 18
891 19
891 20
891 21
891 22
891 23
891 24
891 25
891 26
891 27
891 28
891 29
891 30
891 31
891 32
891 33
891 34
891 35
891 36
891 37
891 38
891 39
891 40
891 41
891 42
891 43
891 44
891 45
891 46
891 47
891 48
891 49
891 50
891 51
891 52
891 53
891 54
891 55
891 56
891 57
891 58
891 59
891 60
891 61
891 62
891 63
891 64
891 65
891 66
891 67
891 68
891 69
891 70
891 71
891 72
891 73
891 74
891 75
891 76
891 77
891 78
891 79
891 80
891 81
891 82
891 83
891 84
891 85
891 86
891 87
891 88
891 89
891 90
891 91
891 92
891 93
891 94
891 95
891 96
891 97
891 98
891 99
891 100
891 101
891 102
891 103
891 104
891 105
891 106
891 107
891 108
891 109
891 110
891 111
891 112
891 113
891 114
891 115
891 116
891 117
891 118
891 119
891 120
891 121
891 122
891 123
891 124
891 125
891 126
891 127
891 128
891 129
891 130
891 131
891 132
891 133
891 134
891 135
891 136
891 137
891 138
891 139
891 140
891 141
891 142
891 143
891 144
891 145
891 146
891 147
891 148
891 149
891 150
891 151
891 152
891 153
891 154
891 155
891 156
891 157
891 158
891 159
891 160
891 161
891 162
891 163
891 164
891 165
891 166
891 167
891 168
891 169
891 170
891 171
891 172
891 173
891 174
891 175
891 176
891 177
891 178
891 179
891 180
891 181
891 182
891 183
891 184
891 185
891 186
891 187
891 188
891 189
891 190
891 191
891 192
891 193
891 194
891 195
891 196
891 197
891 198
891 199
891 200
891 201
891 202
891 203
891 204
891 205
891 206
891 207
891 208
891 209
891 210
891 211
891 212
891 213
891 214
891 215
891 216
891 217
891 218
891 219
891 220
891 221
891 222
891 223
891 224
891 225
891 226
891 227
891 228
891 229
891 230
891 231
891 232
891 233
891 234
891 235
891 236
891 237
891 238
891 239
891 240
891 241
891 242
891 243
891 244
891 245
891 246
891 247
891 248
891 249
891 250
891 251
891 252
891 253
891 254
891 255
891 256
891 257
891 258
891 259
891 260
891 261
891 262
891 263
891 264
891 265
891 266
891 267
891 268
891 269
891 270
891 271
891 272
891 273
891 274
891 275
891 276
891 277
891 278
891 279
891 280
891 281
891 282
891 283
891 284
891 285
891 286
891 287
891 288
891 289
891 290
891 291
891 292
891 293
891 294
891 295
891 296
891 297
891 298
891 299
891 300
891 301
891 302
891 303
891 304
891 305
891 306
891 307
891 308
891 309
891 310
891 311
891 312
891 313
891 314
891 315
891 316
891 317
891 318
891 319
891 320
891 321
891 322
891 323
891 324
891 325
891 326
891 327
891 328
891 329
891 330
891 331
891 332
891 333
891 334
891 335
891 336
891 337
891 338
891 339
891 340
891 341
891 342
891 343
891 344
891 345
891 346
891 347
891 348
891 349
891 350
891 351
891 352
891 353
891 354
891 355
891 356
891 357
891 358
891 359
891 360
891 361
891 362
891 363
891 364
891 365
891 366
891 367
891 368
891 369
891 370
891 371
891 372
891 373
891 374
891 375
891 376
891 377
891 378
891 379
891 380
891 381
891 382
891 383
891 384
891 385
891 386
891 387
891 388
891 389
891 390
891 391
891 392
891 393
891 394
891 395
891 396
891 397
891 398
891 399
891 400
891 401
891 402
891 564
891 565
891 566
891 567
891 568
891 744
891 861
892 127
892 278
892 397
892 569
892 570
892 571
892 572
892 744
892 861
893 127
893 278
893 397
893 573
893 574
893 575
893 576
893 577
893 745
893 860
894 126
894 278
894 397
894 578
894 579
894 580
894 745
894 860
895 126
895 278
895 397
895 581
895 582
895 583
895 584
895 745
895 860
896 126
896 278
896 397
896 585
896 586
896 587
896 745
896 859
897 126
897 277
897 396
897 588
897 589
897 590
897 591
897 746
897 859
898 126
898 277
898 396
898 592
898 593
898 746
898 859
899 126
899 277
899 396
899 594
899 595
899 596
899 746
899 858
900 125
900 277
900 396
900 597
900 598
900 599
900 746
900 858
901 125
901 277
901 396
901 600
901 601
901 746
901 858
902 125
902 277
902 396
902 602
902 603
902 604
902 747
902 857
903 125
903 277
903 396
903 605
903 606
903 747
903 857
904 125
904 277
904 396
904 607
904 608
904 747
904 857
905 125
905 277
905 396
905 609
905 610
905 747
905 856
906 124
906 277
906 395
906 611
906 612
906 748
906 856
907 124
907 277
907 395
907 613
907 614
907 748
907 856
908 124
908 277
908 395
908 615
908 616
908 748
908 855
909 124
909 276
909 395
909 617
909 748
909 855
910 124
910 276
910 395
910 618
910 619
910 748
910 855
911 124
911 276
911 395
911 620
911 749
911 854
912 123
912 276
912 395
912 621
912 622
912 749
912 854
913 123
913 276
913 395
913 623
913 749
913 854
914 123
914 276
914 395
914 624
914 625
914 749
914 853
915 123
915 276
915 394
915 626
915 750
915 853
916 123
916 276
916 394
916 627
916 628
916 750
916 853
917 122
917 276
917 394
917 629
917 750
917 852
918 122
918 276
918 394
918 630
918 631
918 750
918 852
919 122
919 276
919 394
919 632
919 633
919 750
919 852
920 122
920 276
920 394
920 634
920 751
920 851
921 122
921 275
921 394
921 635
921 751
921 851
922 122
922 275
922 394
922 636
922 751
922 850
923 121
923 275
923 393
923 637
923 751
923 850
924 121
924 275
924 393
924 638
924 751
924 850
925 121
925 275
925 393
925 639
925 752
925 849
926 121
926 275
926 393
926 640
926 752
926 849
927 121
927 275
927 393
927 641
927 752
927 849
928 120
928 275
928 393
928 642
928 752
928 848
929 120
929 275
929 393
929 643
929 753
929 848
930 120
930 275
930 392
930 644
930 753
930 848
931 120
931 275
931 392
931 645
931 753
931 847
932 120
932 275
932 392
932 646
932 753
932 847
933 120
933 274
933 392
933 647
933 648
933 753
933 847
934 119
934 274
934 392
934 649
934 754
934 846
935 119
935 274
935 392
935 650
935 754
935 846
936 119
936 274
936 392
936 651
936 754
936 846
937 119
937 274
937 392
937 651
937 754
937 845
938 119
938 274
938 391
938 652
938 754
938 845
939 118
939 274
939 391
939 653
939 755
939 845
940 118
940 274
940 391
940 654
940 755
940 844
941 118
941 274
941 391
941 654
941 755
941 844
942 118
942 274
942 391
942 655
942 755
942 844
943 118
943 274
943 391
943 656
943 755
943 843
944 117
944 274
944 390
944 657
944 756
944 843
945 117
945 274
945 390
945 657
945 756
945 843
946 117
946 273
946 390
946 658
946 756
946 842
947 117
947 273
947 390
947 659
947 756
947 842
948 117
948 273
948 390
948 659
948 756
948 842
949 116
949 273
949 390
949 660
949 756
949 841
950 116
950 273
950 390
950 661
950 757
950 841
951 116
951 273
951 390
951 662
951 757
951 841
952 116
952 273
952 389
952 662
952 757
952 840
953 116
953 273
953 389
953 663
953 757
953 840
954 115
954 273
954 389
954 664
954 757
954 840
955 115
955 273
955 389
955 665
955 758
955 839
956 115
956 273
956 389
956 665
956 758
956 839
957 115
957 273
957 389
957 666
957 758
957 839
958 115
958 273
958 389
958 666
958 758
958 838
959 114
959 272
959 388
959 667
959 758
959 838
960 114
960 272
960 388
960 667
960 758
960 838
961 114
961 272
961 388
961 668
961 759
961 837
962 114
962 272
962 388
962 668
962 759
962 837
963 113
963 272
963 388
963 669
963 759
963 837
964 113
964 272
964 388
964 669
964 759
964 836
965 113
965 272
965 388
965 670
965 759
965 836
966 113
966 272
966 388
966 671
966 760
966 836
967 113
967 272
967 387
967 671
967 760
967 835
968 112
968 272
968 387
968 672
968 760
968 835
969 112
969 272
969 387
969 672
969 760
969 834
970 112
970 272
970 387
970 673
970 760
970 834
971 112
971 272
971 387
971 673
971 760
971 834
972 111
972 272
972 387
972 674
972 761
972 833
973 111
973 271
973 387
973 674
973 761
973 833
974 111
974 271
974 387
974 675
974 761
974 833
975 111
975 271
975 386
975 676
975 761
975 832
976 111
976 271
976 386
976 676
976 761
976 832
977 110
977 271
977 386
977 676
977 762
977 832
978 110
978 271
978 386
978 677
978 762
978 831
979 110
979 271
979 386
979 677
979 762
979 831
980 110
980 271
980 386
980 678
980 762
980 831
981 109
981 271
981 386
981 678
981 762
981 830
982 109
982 271
982 386
982 679
982 762
982 830
983 109
983 271
983 385
983 679
983 763
983 830
984 109
984 271
984 385
984 679
984 763
984 829
985 108
985 271
985 385
985 680
985 763
985 829
986 108
986 271
986 385
986 680
986 763
986 829
987 108
987 270
987 385
987 681
987 763
987 828
988 108
988 270
988 385
988 681
988 763
988 828
989 107
989 270
989 385
989 682
989 764
989 828
990 107
990 270
990 385
990 682
990 764
990 827
991 107
991 270
991 385
991 682
991 764
991 827
992 107
992 270
992 384
992 683
992 764
992 827
993 106
993 270
993 384
993 683
993 764
993 826
994 106
994 270
994 384
994 684
994 764
994 826
995 106
995 270
995 384
995 684
995 765
995 826
996 106
996 270
996 384
996 685
996 765
996 825
997 105
997 270
997 384
997 685
997 765
997 825
998 105
998 270
998 384
998 685
998 765
998 825
999 105
999 270
999 384
999 686
999 765
999 824
1000 105
1000 270
1000 383
1000 686
1000 765
1000 824
1001 104
1001 269
1001 383
1001 687
1001 765
1001 824
1002 104
1002 269
1002 383
1002 687
1002 766
1002 823
1003 104
1003 269
1003 383
1003 687
1003 766
1003 823
1004 104
1004 269
1004 383
1004 688
1004 766
1004 823
1005 103
1005 269
1005 383
1005 688
1005 766
1005 822
1006 103
1006 269
1006 383
1006 689
1006 766
1006 822
1007 103
1007 269
1007 383
1007 689
1007 766
1007 822
1008 103
1008 269
1008 383
1008 689
1008 767
1008 821
1009 102
1009 269
1009 383
1009 690
1009 767
1009 821
1010 102
1010 269
1010 382
1010 690
1010 767
1010 821
1011 102
1011 269
1011 382
1011 690
1011 767
1011 820
1012 102
1012 269
1012 382
1012 691
1012 767
1012 820
1013 101
1013 269
1013 382
1013 691
1013 767
1013 820
1014 101
1014 269
1014 382
1014 691
1014 768
1014 819
1015 101
1015 268
1015 382
1015 692
1015 768
1015 819
1016 100
1016 268
1016 382
1016 692
1016 768
1016 819
1017 100
1017 268
1017 382
1017 692
1017 768
1017 818
1018 100
1018 268
1018 382
1018 693
1018 768
1018 818
1019 100
1019 268
1019 381
1019 693
1019 768
1019 818
1020 99
1020 268
1020 381
1020 693
1020 768
1020 817
1021 99
1021 268
1021 381
1021 694
1021 769
1021 817
1022 99
1022 268
1022 381
1022 694
1022 769
1022 817
1023 98
1023 268
1023 381
1023 695
1023 769
1023 816
1024 98
1024 268
1024 381
1024 695
1024 769
1024 816
1025 98
1025 268
1025 381
1025 695
1025 769
1025 815
1026 98
1026 268
1026 381
1026 696
1026 769
1026 815
1027 97
1027 268
1027 381
1027 696
1027 770
1027 815
1028 97
1028 268
1028 381
1028 696
1028 770
1028 814
1029 97
1029 267
1029 381
1029 697
1029 770
1029 814
1030 96
1030 267
1030 380
1030 697
1030 770
1030 814
1031 96
1031 267
1031 380
1031 697
1031 770
1031 813
1032 96
1032 267
1032 380
1032 698
1032 770
1032 813
1033 95
1033 267
1033 380
1033 698
1033 770
1033 813
1034 95
1034 267
1034 380
1034 698
1034 771
1034 812
1035 95
1035 267
1035 380
1035 698
1035 771
1035 812
1036 95
1036 267
1036 380
1036 699
1036 771
1036 812
1037 94
1037 267
1037 380
1037 699
1037 771
1037 811
1038 94
1038 267
1038 380
1038 699
1038 771
1038 811
1039 94
1039 267
1039 380
1039 700
1039 771
1039 811
1040 93
1040 267
1040 380
1040 700
1040 771
1040 810
1041 93
1041 267
1041 379
1041 700
1041 772
1041 810
1042 93
1042 267
1042 379
1042 701
1042 772
1042 810
1043 92
1043 267
1043 379
1043 701
1043 772
1043 809
1044 92
1044 266
1044 379
1044 701
1044 772
1044 809
1045 92
1045 266
1045 379
1045 702
1045 772
1045 809
1046 91
1046 266
1046 379
1046 702
1046 772
1046 808
1047 91
1047 266
1047 379
1047 702
1047 772
1047 808
1048 91
1048 266
1048 379
1048 703
1048 773
1048 808
1049 90
1049 266
1049 379
1049 703
1049 773
1049 807
1050 90
1050 266
1050 379
1050 703
1050 773
1050 807
1051 90
1051 266
1051 379
1051 704
1051 773
1051 807
1052 89
1052 266
1052 379
1052 704
1052 773
1052 806
1053 89
1053 266
1053 378
1053 704
1053 773
1053 806
1054 89
1054 266
1054 378
1054 704
1054 773
1054 806
1055 88
1055 266
1055 378
1055 705
1055 773
1055 805
1056 88
1056 266
1056 378
1056 705
1056 774
1056 805
1057 88
1057 266
1057 378
1057 705
1057 774
1057 805
1058 87
1058 265
1058 378
1058 706
1058 774
1058 804
1059 87
1059 265
1059 378
1059 706
1059 774
1059 804
1060 87
1060 265
1060 378
1060 706
1060 774
1060 804
1061 86
1061 265
1061 378
1061 707
1061 774
1061 803
1062 86
1062 265
1062 378
1062 707
1062 774
1062 803
1063 86
1063 265
1063 378
1063 707
1063 775
1063 803
1064 85
1064 265
1064 378
1064 708
1064 775
1064 802
1065 85
1065 265
1065 378
1065 708
1065 775
1065 802
1066 85
1066 265
1066 377
1066 708
1066 775
1066 802
1067 84
1067 265
1067 377
1067 708
1067 775
1067 801
1068 84
1068 265
1068 377
1068 709
1068 775
1068 801
1069 83
1069 265
1069 377
1069 709
1069 775
1069 801
1070 83
1070 265
1070 377
1070 709
1070 776
1070 800
1071 83
1071 265
1071 377
1071 710
1071 776
1071 800
1072 82
1072 265
1072 377
1072 710
1072 776
1072 800
1073 82
1073 264
1073 377
1073 710
1073 776
1073 799
1074 81
1074 264
1074 377
1074 711
1074 776
1074 799
1075 81
1075 264
1075 377
1075 711
1075 776
1075 799
1076 81
1076 264
1076 377
1076 711
1076 776
1076 798
1077 80
1077 264
1077 377
1077 711
1077 777
1077 798
1078 80
1078 264
1078 377
1078 712
1078 777
1078 798
1079 80
1079 264
1079 377
1079 712
1079 777
1079 797
1080 79
1080 264
1080 377
1080 712
1080 777
1080 797
1081 79
1081 264
1081 377
1081 713
1081 777
1081 797
1082 78
1082 264
1082 376
1082 713
1082 777
1082 796
1083 78
1083 264
1083 376
1083 713
1083 777
1083 796
1084 78
1084 264
1084 376
1084 714
1084 777
1084 796
1085 77
1085 264
1085 376
1085 714
1085 778
1085 795
1086 77
1086 264
1086 376
1086 714
1086 778
1086 795
1087 76
1087 264
1087 376
1087 714
1087 778
1087 794
1088 76
1088 263
1088 376
1088 715
1088 778
1088 794
1089 76
1089 263
1089 376
1089 715
1089 778
1089 794
1090 75
1090 263
1090 376
1090 715
1090 778
1090 793
1091 75
1091 263
1091 376
1091 716
1091 778
1091 793
1092 74
1092 263
1092 376
1092 716
1092 778
1092 793
1093 74
1093 263
1093 376
1093 716
1093 778
1093 792
1094 73
1094 263
1094 376
1094 717
1094 779
1094 792
1095 73
1095 263
1095 376
1095 717
1095 779
1095 792
1096 73
1096 263
1096 376
1096 717
1096 779
1096 791
1097 72
1097 263
1097 376
1097 718
1097 779
1097 791
1098 72
1098 263
1098 376
1098 718
1098 779
1098 791
1099 71
1099 263
1099 376
1099 718
1099 779
1099 790
1100 71
1100 263
1100 376
1100 718
1100 779
1100 790
1101 70
1101 263
1101 375
1101 719
1101 779
1101 790
1102 70
1102 262
1102 375
1102 719
1102 780
1102 789
1103 69
1103 262
1103 375
1103 719
1103 780
1103 789
1104 69
1104 262
1104 375
1104 720
1104 780
1104 789
1105 69
1105 262
1105 375
1105 720
1105 780
1105 788
1106 68
1106 262
1106 375
1106 720
1106 780
1106 788
1107 68
1107 262
1107 375
1107 721
1107 780
1107 788
1108 67
1108 262
1108 375
1108 721
1108 780
1108 787
1109 67
1109 262
1109 375
1109 721
1109 780
1109 787
1110 66
1110 262
1110 375
1110 722
1110 781
1110 787
1111 66
1111 262
1111 375
1111 722
1111 781
1111 786
1112 65
1112 262
1112 375
1112 722
1112 781
1112 786
1113 65
1113 262
1113 375
1113 722
1113 781
1113 786
1114 64
1114 262
1114 375
1114 723
1114 781
1114 785
1115 64
1115 261
1115 375
1115 723
1115 781
1115 785
1116 63
1116 261
1116 375
1116 723
1116 781
1116 785
1117 63
1117 261
1117 375
1117 724
1117 781
1117 784
1118 62
1118 261
1118 375
1118 724
1118 781
1118 784
1119 62
1119 261
1119 375
1119 724
1119 782
1119 784
1120 61
1120 261
1120 375
1120 725
1120 782
1120 783
1121 61
1121 261
1121 375
1121 725
1121 782
1121 783
1122 60
1122 261
1122 375
1122 725
1122 782
1123 60
1123 261
1123 375
1123 726
1123 782
1124 59
1124 261
1124 375
1124 726
1124 782
1125 59
1125 261
1125 375
1125 726
1125 782
1126 58
1126 261
1126 375
1126 726
1126 782
1127 58
1127 261
1127 375
1127 727
1127 783
1128 57
1128 261
1128 375
1128 727
1128 783
1129 57
1129 260
1129 375
1129 727
1129 783
1130 56
1130 260
1130 375
1130 728
1130 783
1131 56
1131 260
1131 375
1131 728
1131 783
1132 55
1132 260
1132 375
1132 728
1132 783
1133 55
1133 260
1133 375
1133 729
1133 783
1134 54
1134 260
1134 375
1134 729
1134 783
1135 54
1135 260
1135 375
1135 729
1135 783
1136 53
1136 260
1136 375
1136 730
1136 784
1137 53
1137 260
1137 375
1137 730
1137 784
1138 52
1138 260
1138 375
1138 730
1138 784
1139 52
1139 260
1139 375
1139 731
1139 784
1140 51
1140 260
1140 374
1140 731
1140 784
1141 50
1141 260
1141 374
1141 731
1141 784
1142 50
1142 259
1142 374
1142 732
1142 784
1143 49
1143 259
1143 374
1143 732
1143 784
1144 49
1144 259
1144 374
1144 732
1144 784
1145 48
1145 259
1145 374
1145 733
1145 784
1146 48
1146 259
1146 374
1146 733
1146 785
1147 47
1147 259
1147 374
1147 733
1147 785
1148 46
1148 259
1148 374
1148 734
1148 785
1149 46
1149 259
1149 374
1149 734
1149 785
1150 45
1150 259
1150 374
1150 734
1150 785
1151 45
1151 259
1151 374
1151 735
1151 785
1152 44
1152 259
1152 374
1152 735
1152 785
1153 43
1153 259
1153 374
1153 735
1153 785
1154 43
1154 259
1154 374
1154 736
1154 785
1155 42
1155 258
1155 374
1155 736
1155 786
1156 42
1156 258
1156 374
1156 736
1156 786
1157 41
1157 258
1157 374
1157 737
1157 786
1158 40
1158 258
1158 374
1158 737
1158 786
1159 40
1159 258
1159 374
1159 737
1159 786
1160 39
1160 258
1160 374
1160 738
1160 786
1160 1079
1161 39
1161 258
1161 375
1161 738
1161 786
1161 1079
1162 38
1162 258
1162 375
1162 738
1162 786
1162 1079
1163 37
1163 258
1163 375
1163 739
1163 786
1163 1079
1164 37
1164 258
1164 375
1164 739
1164 786
1164 1078
1165 36
1165 258
1165 375
1165 739
1165 787
1165 1078
1166 35
1166 258
1166 375
1166 740
1166 787
1166 1078
1167 35
1167 258
1167 375
1167 740
1167 787
1167 1077
1168 34
1168 257
1168 375
1168 740
1168 787
1168 1077
1169 33
1169 257
1169 375
1169 741
1169 787
1169 1077
1170 33
1170 257
1170 375
1170 741
1170 787
1170 1077
1171 32
1171 257
1171 375
1171 741
1171 787
1171 1076
1172 31
1172 257
1172 375
1172 742
1172 787
1172 1076
1173 31
1173 257
1173 375
1173 742
1173 787
1173 1076
1174 30
1174 257
1174 375
1174 742
1174 788
1174 1075
1175 29
1175 257
1175 375
1175 743
1175 788
1175 1075
1176 28
1176 257
1176 375
1176 743
1176 788
1176 1075
1177 28
1177 257
1177 375
1177 744
1177 788
1177 1075
1178 27
1178 257
1178 375
1178 744
1178 788
1178 1074
1179 26
1179 257
1179 375
1179 744
1179 788
1179 1074
1180 26
1180 256
1180 375
1180 745
1180 788
1180 1074
1181 25
1181 256
1181 375
1181 745
1181 788
1181 1074
1182 24
1182 256
1182 375
1182 745
1182 788
1182 1073
1183 23
1183 256
1183 375
1183 746
1183 788
1183 1073
1184 23
1184 256
1184 375
1184 746
1184 789
1184 1073
1185 22
1185 256
1185 375
1185 746
1185 789
1185 1072
1186 21
1186 256
1186 375
1186 747
1186 789
1186 1072
1187 20
1187 256
1187 375
1187 747
1187 789
1187 1072
1188 20
1188 256
1188 375
1188 748
1188 789
1188 1072
1189 19
1189 256
1189 375
1189 748
1189 789
1189 1071
1190 18
1190 256
1190 375
1190 748
1190 789
1190 1071
1191 17
1191 256
1191 375
1191 749
1191 789
1191 1071
1192 17
1192 255
1192 376
1192 749
1192 789
1192 1070
1193 16
1193 255
1193 376
1193 749
1193 790
1193 1070
1194 15
1194 255
1194 376
1194 750
1194 790
1194 1070
1195 14
1195 255
1195 376
1195 750
1195 790
1195 1070
1196 13
1196 255
1196 376
1196 750
1196 790
1196 1069
1197 13
1197 255
1197 376
1197 751
1197 790
1197 1069
1198 12
1198 255
1198 376
1198 751
1198 790
1198 1069
1199 11
1199 255
1199 376
1199 751
1199 790
1199 1068
1200 10
1200 255
1200 376
1200 752
1200 790
1200 1068
1201 9
1201 255
1201 376
1201 752
1201 790
1201 1068
1202 9
1202 255
1202 376
1202 753
1202 790
1202 1068
1203 8
1203 255
1203 376
1203 753
1203 791
1203 1067
1204 7
1204 254
1204 376
1204 753
1204 791
1204 1067
1205 6
1205 254
1205 376
1205 754
1205 791
1205 1067
1206 5
1206 254
1206 376
1206 754
1206 791
1206 1066
1207 4
1207 254
1207 376
1207 754
1207 791
1207 1066
1208 3
1208 254
1208 377
1208 755
1208 791
1208 1066
1209 3
1209 254
1209 377
1209 755
1209 791
1209 1066
1210 2
1210 254
1210 377
1210 756
1210 791
1210 1065
1211 1
1211 254
1211 377
1211 756
1211 791
1211 1065
1212 0
1212 254
1212 377
1212 756
1212 792
1212 1065
1213 254
1213 377
1213 757
1213 792
1213 1065
1214 253
1214 377
1214 757
1214 792
1214 1064
1215 253
1215 377
1215 758
1215 792
1215 1064
1216 253
1216 377
1216 758
1216 792
1216 1064
1217 253
1217 377
1217 758
1217 792
1217 1063
1218 253
1218 377
1218 759
1218 792
1218 1063
1219 253
1219 377
1219 759
1219 792
1219 1063
1220 253
1220 378
1220 760
1220 792
1220 1063
1221 253
1221 378
1221 760
1221 792
1221 1062
1222 253
1222 378
1222 760
1222 793
1222 1062
1223 253
1223 378
1223 761
1223 793
1223 1062
1224 253
1224 378
1224 761
1224 793
1224 1061
1225 252
1225 378
1225 762
1225 793
1225 1061
1226 252
1226 378
1226 762
1226 793
1226 1061
1227 252
1227 378
1227 762
1227 793
1227 1061
1228 252
1228 378
1228 763
1228 793
1228 1060
1229 252
1229 378
1229 763
1229 793
1229 1060
1230 252
1230 379
1230 764
1230 793
1230 1060
1231 252
1231 379
1231 764
1231 794
1231 1059
1232 252
1232 379
1232 764
1232 794
1232 1059
1233 252
1233 379
1233 765
1233 794
1233 1059
1234 252
1234 379
1234 765
1234 794
1234 1058
1235 251
1235 379
1235 766
1235 794
1235 1058
1236 251
1236 379
1236 766
1236 794
1236 1058
1237 251
1237 379
1237 766
1237 794
1237 1058
1238 251
1238 379
1238 767
1238 794
1238 1057
1239 251
1239 380
1239 767
1239 794
1239 1057
1240 251
1240 380
1240 768
1240 794
1240 1057
1241 251
1241 380
1241 768
1241 794
1241 1056
1242 251
1242 380
1242 768
1242 795
1242 1056
1243 251
1243 380
1243 769
1243 795
1243 1056
1244 251
1244 380
1244 769
1244 795
1244 1056
1245 251
1245 380
1245 770
1245 795
1245 1055
1246 250
1246 380
1246 770
1246 795
1246 1055
1247 250
1247 381
1247 770
1247 795
1247 1055
1248 250
1248 381
1248 771
1248 795
1248 1054
1249 250
1249 381
1249 771
1249 795
1249 1054
1250 250
1250 381
1250 772
1250 795
1250 1054
1251 250
1251 381
1251 772
1251 795
1251 1054
1252 250
1252 381
1252 772
1252 796
1252 1053
1253 250
1253 381
1253 773
1253 796
1253 1053
1254 250
1254 382
1254 773
1254 796
1254 1053
1255 250
1255 382
1255 774
1255 796
1255 1052
1256 249
1256 382
1256 774
1256 796
1256 1052
1257 249
1257 382
1257 775
1257 796
1257 1052
1258 249
1258 382
1258 775
1258 796
1258 1052
1259 249
1259 382
1259 775
1259 796
1259 1051
1260 249
1260 382
1260 776
1260 796
1260 1051
1261 249
1261 383
1261 776
1261 796
1261 1051
1262 249
1262 383
1262 777
1262 796
1262 1050
1263 249
1263 383
1263 777
1263 797
1263 1050
1264 249
1264 383
1264 778
1264 797
1264 1050
1265 248
1265 383
1265 778
1265 797
1265 1049
1266 248
1266 383
1266 779
1266 797
1266 1049
1267 248
1267 384
1267 779
1267 797
1267 1049
1268 248
1268 384
1268 779
1268 797
1268 1049
1269 248
1269 384
1269 780
1269 797
1269 1048
1270 248
1270 384
1270 780
1270 797
1270 1048
1271 248
1271 384
1271 781
1271 797
1271 1048
1272 248
1272 385
1272 781
1272 797
1272 1047
1273 248
1273 385
1273 782
1273 798
1273 1047
1274 247
1274 385
1274 782
1274 798
1274 1047
1275 247
1275 385
1275 782
1275 798
1275 1046
1276 247
1276 385
1276 783
1276 798
1276 1046
1277 247
1277 385
1277 783
1277 798
1277 1046
1278 247
1278 386
1278 784
1278 798
1278 1046
1279 247
1279 386
1279 784
1279 798
1279 1045
1280 247
1280 386
1280 785
1280 798
1280 1045
1281 247
1281 386
1281 785
1281 798
1281 1045
1282 246
1282 386
1282 786
1282 798
1282 1044
1283 246
1283 387
1283 786
1283 799
1283 1044
1284 246
1284 387
1284 787
1284 799
1284 1044
1285 246
1285 387
1285 787
1285 799
1285 1044
1286 246
1286 387
1286 788
1286 799
1286 1043
1287 246
1287 388
1287 788
1287 799
1287 1043
1288 246
1288 388
1288 788
1288 799
1288 1043
1289 246
1289 388
1289 789
1289 799
1289 1042
1290 246
1290 388
1290 789
1290 799
1290 1042
1291 245
1291 388
1291 790
1291 799
1291 1042
1292 245
1292 389
1292 790
1292 799
1292 1041
1293 245
1293 389
1293 791
1293 799
1293 1041
1294 245
1294 389
1294 791
1294 800
1294 1041
1295 245
1295 389
1295 792
1295 800
1295 1040
1296 245
1296 390
1296 792
1296 800
1296 1040
1297 245
1297 390
1297 793
1297 800
1297 1040
1298 245
1298 390
1298 793
1298 800
1298 1040
1299 245
1299 390
1299 794
1299 800
1299 1039
1300 244
1300 391
1300 794
1300 800
1300 1039
1301 244
1301 391
1301 795
1301 800
1301 1039
1302 244
1302 391
1302 795
1302 800
1302 1038
1303 244
1303 391
1303 796
1303 800
1303 1038
1304 244
1304 392
1304 796
1304 801
1304 1038
1305 244
1305 392
1305 797
1305 801
1305 1037
1306 244
1306 392
1306 797
1306 801
1306 1037
1307 244
1307 392
1307 797
1307 801
1307 1037
1308 243
1308 393
1308 798
1308 801
1308 1037
1309 243
1309 393
1309 798
1309 801
1309 1036
1310 243
1310 393
1310 799
1310 801
1310 1036
1311 243
1311 393
1311 799
1311 801
1311 1036
1312 243
1312 394
1312 800
1312 801
1312 1035
1313 243
1313 394
1313 800
1313 801
1313 1035
1314 243
1314 394
1314 801
1314 1035
1315 242
1315 395
1315 801
1315 802
1315 1034
1316 242
1316 395
1316 802
1316 1034
1317 242
1317 395
1317 802
1317 1034
1318 242
1318 396
1318 802
1318 803
1318 1033
1319 242
1319 396
1319 802
1319 803
1319 1033
1320 242
1320 396
1320 802
1320 804
1320 1033
1321 242
1321 397
1321 802
1321 804
1321 1032
1322 241
1322 397
1322 802
1322 805
1322 1032
1323 241
1323 397
1323 802
1323 805
1323 1032
1324 241
1324 397
1324 802
1324 806
1324 1032
1325 241
1325 398
1325 803
1325 806
1325 1031
1326 241
1326 398
1326 803
1326 807
1326 1031
1327 241
1327 398
1327 803
1327 807
1327 1031
1328 241
1328 399
1328 803
1328 808
1328 1030
1329 240
1329 399
1329 803
1329 808
1329 1030
1330 240
1330 399
1330 803
1330 809
1330 1030
1331 240
1331 400
1331 803
1331 809
1331 1029
1332 240
1332 400
1332 803
1332 810
1332 1029
1333 240
1333 400
1333 803
1333 811
1333 1029
1334 240
1334 401
1334 803
1334 811
1334 1028
1335 240
1335 401
1335 804
1335 812
1335 1028
1336 239
1336 402
1336 804
1336 812
1336 1028
1337 239
1337 402
1337 804
1337 813
1337 1027
1338 239
1338 402
1338 804
1338 813
1338 1027
1339 239
1339 403
1339 804
1339 814
1339 1027
1340 239
1340 403
1340 804
1340 814
1340 1026
1341 239
1341 403
1341 804
1341 815
1341 1026
1342 239
1342 404
1342 804
1342 815
1342 1026
1343 239
1343 404
1343 804
1343 816
1343 1025
1344 238
1344 405
1344 804
1344 816
1344 1025
1345 238
1345 405
1345 805
1345 817
1345 1025
1346 238
1346 405
1346 805
1346 817
1346 1024
1347 238
1347 406
1347 805
1347 818
1347 1024
1348 238
1348 406
1348 805
1348 818
1348 1024
1349 238
1349 406
1349 805
1349 819
1349 1023
1350 238
1350 407
1350 805
1350 819
1350 1023
1351 237
1351 407
1351 805
1351 820
1351 1023
1352 237
1352 408
1352 805
1352 820
1352 1023
1353 237
1353 408
1353 805
1353 821
1353 1022
1354 237
1354 409
1354 805
1354 822
1354 1022
1355 237
1355 409
1355 806
1355 822
1355 1022
1356 237
1356 409
1356 806
1356 823
1356 1021
1357 236
1357 410
1357 806
1357 823
1357 1021
1358 236
1358 410
1358 806
1358 824
1358 1021
1359 236
1359 411
1359 806
1359 824
1359 1020
1360 236
1360 411
1360 806
1360 825
1360 1020
1361 236
1361 412
1361 806
1361 825
1361 1020
1362 236
1362 412
1362 806
1362 826
1362 1019
1363 235
1363 413
1363 806
1363 827
1363 1019
1364 235
1364 413
1364 806
1364 827
1364 1019
1365 235
1365 414
1365 807
1365 828
1365 1018
1366 235
1366 414
1366 807
1366 828
1366 1018
1367 235
1367 414
1367 807
1367 829
1367 1018
1368 235
1368 415
1368 807
1368 829
1368 1017
1369 234
1369 415
1369 807
1369 830
1369 1017
1370 234
1370 416
1370 807
1370 830
1370 1017
1371 234
1371 416
1371 807
1371 831
1371 1016
1372 234
1372 417
1372 807
1372 831
1372 1016
1373 234
1373 418
1373 807
1373 832
1373 1016
1374 233
1374 418
1374 807
1374 833
1374 1015
1375 233
1375 419
1375 808
1375 833
1375 1015
1376 233
1376 419
1376 808
1376 834
1376 1015
1377 233
1377 420
1377 808
1377 834
1377 1014
1378 233
1378 420
1378 808
1378 835
1378 1014
1379 233
1379 421
1379 808
1379 835
1379 1014
1380 232
1380 421
1380 808
1380 836
1380 1013
1381 232
1381 422
1381 808
1381 837
1381 1013
1382 232
1382 422
1382 808
1382 837
1382 1012
1383 232
1383 423
1383 808
1383 838
1383 1012
1384 232
1384 423
1384 809
1384 838
1384 1012
1385 232
1385 424
1385 425
1385 809
1385 839
1385 1011
1386 231
1386 425
1386 809
1386 839
1386 1011
1387 231
1387 425
1387 809
1387 840
1387 1011
1388 231
1388 426
1388 809
1388 841
1388 1010
1389 231
1389 426
1389 809
1389 841
1389 1010
1390 231
1390 426
1390 427
1390 809
1390 842
1390 1010
1391 231
1391 426
1391 428
1391 809
1391 842
1391 1009
1392 230
1392 426
1392 428
1392 809
1392 843
1392 1009
1393 230
1393 426
1393 429
1393 809
1393 844
1393 1009
1394 230
1394 427
1394 429
1394 810
1394 844
1394 1008
1395 230
1395 427
1395 430
1395 810
1395 845
1395 1008
1396 230
1396 427
1396 431
1396 810
1396 845
1396 1008
1397 230
1397 427
1397 431
1397 810
1397 846
1397 1007
1398 229
1398 427
1398 432
1398 810
1398 846
1398 1007
1399 229
1399 427
1399 433
1399 810
1399 847
1399 1007
1400 229
1400 428
1400 433
1400 810
1400 848
1400 1006
1401 229
1401 428
1401 434
1401 810
1401 848
1401 1006
1402 228
1402 428
1402 435
1402 810
1402 849
1402 1006
1403 228
1403 428
1403 435
1403 810
1403 849
1403 1005
1404 228
1404 428
1404 436
1404 811
1404 850
1404 1005
1405 228
1405 429
1405 437
1405 811
1405 851
1405 1004
1406 228
1406 429
1406 437
1406 811
1406 851
1406 1004
1407 227
1407 429
1407 438
1407 811
1407 852
1407 1004
1408 227
1408 429
1408 439
1408 811
1408 852
1408 1003
1409 227
1409 429
1409 440
1409 811
1409 853
1409 1003
1410 227
1410 429
1410 440
1410 811
1410 854
1410 1003
1411 226
1411 430
1411 441
1411 811
1411 854
1411 1002
1412 226
1412 430
1412 442
1412 811
1412 855
1412 1002
1413 226
1413 430
1413 442
1413 811
1413 855
1413 1001
1414 226
1414 430
1414 443
1414 812
1414 856
1414 1001
1415 226
1415 430
1415 444
1415 812
1415 857
1415 1001
1416 225
1416 430
1416 445
1416 812
1416 857
1416 1000
1417 225
1417 431
1417 446
1417 812
1417 858
1417 1000
1418 225
1418 431
1418 446
1418 812
1418 859
1418 1000
1419 225
1419 431
1419 447
1419 812
1419 859
1419 999
1420 225
1420 431
1420 448
1420 812
1420 860
1420 999
1421 224
1421 431
1421 449
1421 812
1421 860
1421 999
1422 224
1422 431
1422 450
1422 812
1422 861
1422 998
1423 224
1423 432
1423 450
1423 812
1423 862
1423 998
1424 224
1424 432
1424 451
1424 813
1424 862
1424 997
1425 223
1425 432
1425 452
1425 813
1425 863
1425 997
1426 223
1426 432
1426 453
1426 813
1426 863
1426 997
1427 223
1427 432
1427 454
1427 813
1427 864
1427 996
1428 223
1428 433
1428 455
1428 813
1428 865
1428 996
1429 223
1429 433
1429 456
1429 813
1429 865
1429 996
1430 222
1430 433
1430 456
1430 813
1430 866
1430 995
1431 222
1431 433
1431 457
1431 813
1431 867
1431 995
1432 222
1432 433
1432 458
1432 813
1432 867
1432 994
1433 222
1433 433
1433 459
1433 813
1433 868
1433 994
1434 221
1434 434
1434 460
1434 814
1434 868
1434 994
1435 221
1435 434
1435 461
1435 814
1435 869
1435 993
1436 221
1436 434
1436 462
1436 814
1436 870
1436 993
1437 221
1437 434
1437 463
1437 814
1437 870
1437 992
1438 221
1438 434
1438 464
1438 814
1438 871
1438 992
1439 220
1439 434
1439 465
1439 814
1439 872
1439 992
1440 220
1440 435
1440 466
1440 814
1440 872
1440 991
1441 220
1441 435
1441 467
1441 814
1441 873
1441 991
1442 220
1442 435
1442 468
1442 815
1442 874
1442 990
1443 219
1443 435
1443 469
1443 815
1443 874
1443 990
1444 219
1444 435
1444 470
1444 815
1444 875
1444 990
1445 219
1445 436
1445 471
1445 815
1445 876
1445 989
1446 219
1446 436
1446 472
1446 815
1446 876
1446 989
1447 218
1447 436
1447 473
1447 815
1447 877
1447 988
1448 218
1448 436
1448 474
1448 815
1448 878
1448 988
1449 218
1449 436
1449 475
1449 815
1449 878
1449 988
1450 217
1450 436
1450 476
1450 815
1450 879
1450 987
1451 217
1451 437
1451 477
1451 816
1451 879
1451 987
1452 217
1452 437
1452 478
1452 816
1452 880
1452 986
1453 217
1453 437
1453 479
1453 816
1453 881
1453 986
1454 216
1454 437
1454 480
1454 481
1454 816
1454 881
1454 986
1455 216
1455 437
1455 482
1455 816
1455 882
1455 985
1456 216
1456 437
1456 483
1456 816
1456 883
1456 985
1457 216
1457 438
1457 484
1457 816
1457 883
1457 984
1458 215
1458 438
1458 485
1458 816
1458 884
1458 984
1459 215
1459 438
1459 486
1459 817
1459 885
1459 984
1460 215
1460 438
1460 487
1460 817
1460 885
1460 983
1461 215
1461 438
1461 488
1461 489
1461 817
1461 886
1461 983
1462 214
1462 438
1462 490
1462 817
1462 887
1462 982
1463 214
1463 439
1463 491
1463 817
1463 887
1463 982
1464 214
1464 439
1464 492
1464 817
1464 888
1464 981
1465 213
1465 439
1465 493
1465 494
1465 817
1465 889
1465 981
1466 213
1466 439
1466 495
1466 817
1466 889
1466 981
1467 213
1467 439
1467 496
1467 817
1467 890
1467 980
1468 212
1468 440
1468 497
1468 818
1468 891
1468 980
1469 212
1469 440
1469 498
1469 499
1469 818
1469 891
1469 979
1470 212
1470 440
1470 500
1470 818
1470 892
1470 979
1471 212
1471 440
1471 501
1471 818
1471 893
1471 978
1472 211
1472 440
1472 502
1472 503
1472 818
1472 894
1472 978
1473 211
1473 440
1473 504
1473 818
1473 894
1473 978
1474 211
1474 441
1474 505
1474 818
1474 895
1474 977
1475 210
1475 441
1475 506
1475 507
1475 818
1475 896
1475 977
1476 210
1476 441
1476 508
1476 818
1476 896
1476 976
1477 210
1477 441
1477 509
1477 819
1477 897
1477 976
1478 209
1478 441
1478 510
1478 511
1478 819
1478 898
1478 975
1479 209
1479 441
1479 512
1479 819
1479 898
1479 975
1480 209
1480 442
1480 513
1480 819
1480 899
1480 974
1481 208
1481 442
1481 514
1481 515
1481 819
1481 900
1481 974
1482 208
1482 442
1482 516
1482 819
1482 900
1482 973
1483 208
1483 442
1483 517
1483 518
1483 819
1483 901
1483 973
1484 207
1484 442
1484 519
1484 819
1484 902
1484 973
1485 207
1485 442
1485 520
1485 521
1485 820
1485 902
1485 972
1486 207
1486 443
1486 522
1486 820
1486 903
1486 972
1487 206
1487 443
1487 523
1487 524
1487 820
1487 904
1487 971
1488 206
1488 443
1488 525
1488 820
1488 904
1488 971
1489 206
1489 443
1489 526
1489 527
1489 820
1489 905
1489 970
1490 205
1490 443
1490 528
1490 820
1490 906
1490 970
1491 205
1491 444
1491 529
1491 530
1491 820
1491 907
1491 969
1492 205
1492 444
1492 531
1492 820
1492 907
1492 969
1493 204
1493 444
1493 532
1493 533
1493 821
1493 908
1493 968
1494 204
1494 444
1494 534
1494 535
1494 821
1494 909
1494 968
1495 204
1495 444
1495 536
1495 821
1495 909
1495 967
1496 203
1496 444
1496 537
1496 538
1496 821
1496 910
1496 967
1497 203
1497 445
1497 539
1497 821
1497 911
1497 966
1498 202
1498 445
1498 540
1498 541
1498 821
1498 912
1498 966
1499 202
1499 445
1499 542
1499 543
1499 821
1499 912
1499 965
1500 202
1500 445
1500 544
1500 822
1500 913
1500 965
1501 201
1501 445
1501 545
1501 546
1501 822
1501 914
1501 964
1502 201
1502 445
1502 547
1502 548
1502 822
1502 914
1502 964
1503 200
1503 446
1503 549
1503 822
1503 915
1503 963
1504 200
1504 446
1504 550
1504 551
1504 822
1504 916
1504 963
1505 200
1505 446
1505 552
1505 553
1505 822
1505 917
1505 962
1506 199
1506 446
1506 554
1506 822
1506 917
1506 962
1507 199
1507 446
1507 555
1507 556
1507 822
1507 918
1507 961
1508 199
1508 446
1508 557
1508 558
1508 823
1508 919
1508 961
1509 198
1509 447
1509 559
1509 560
1509 823
1509 920
1509 960
1510 198
1510 447
1510 561
1510 823
1510 920
1510 960
1511 197
1511 447
1511 562
1511 563
1511 823
1511 921
1511 959
1512 197
1512 447
1512 564
1512 565
1512 823
1512 922
1512 959
1513 196
1513 447
1513 566
1513 567
1513 823
1513 922
1513 958
1514 196
1514 447
1514 568
1514 569
1514 823
1514 923
1514 958
1515 195
1515 448
1515 570
1515 823
1515 924
1515 957
1516 195
1516 448
1516 571
1516 572
1516 824
1516 925
1516 957
1517 195
1517 448
1517 573
1517 574
1517 824
1517 925
1517 956
1518 194
1518 448
1518 575
1518 576
1518 824
1518 926
1518 956
1519 194
1519 448
1519 577
1519 578
1519 824
1519 927
1519 955
1520 193
1520 449
1520 579
1520 580
1520 824
1520 927
1520 954
1521 193
1521 449
1521 581
1521 824
1521 928
1521 954
1522 192
1522 449
1522 582
1522 583
1522 824
1522 929
1522 953
1523 192
1523 449
1523 584
1523 585
1523 825
1523 930
1523 953
1524 191
1524 449
1524 586
1524 587
1524 825
1524 930
1524 952
1525 191
1525 449
1525 588
1525 589
1525 825
1525 931
1525 952
1526 190
1526 450
1526 590
1526 591
1526 825
1526 932
1526 951
1527 190
1527 450
1527 592
1527 825
1527 933
1527 951
1528 189
1528 450
1528 593
1528 594
1528 825
1528 933
1528 950
1529 189
1529 450
1529 595
1529 596
1529 825
1529 934
1529 949
1530 188
1530 450
1530 597
1530 598
1530 825
1530 935
1530 949
1531 188
1531 450
1531 599
1531 600
1531 826
1531 936
1531 948
1532 187
1532 451
1532 601
1532 602
1532 826
1532 937
1532 948
1533 187
1533 451
1533 603
1533 826
1533 937
1533 947
1534 186
1534 451
1534 604
1534 605
1534 826
1534 938
1534 946
1535 186
1535 451
1535 606
1535 607
1535 826
1535 939
1535 946
1536 185
1536 451
1536 608
1536 609
1536 826
1536 940
1536 945
1537 185
1537 451
1537 610
1537 611
1537 826
1537 940
1537 944
1538 184
1538 452
1538 612
1538 613
1538 827
1538 941
1538 944
1539 184
1539 452
1539 614
1539 615
1539 827
1539 942
1539 943
1540 183
1540 452
1540 616
1540 617
1540 827
1540 943
1541 182
1541 452
1541 618
1541 827
1541 942
1541 943
1542 182
1542 452
1542 619
1542 620
1542 827
1542 941
1542 944
1543 181
1543 452
1543 621
1543 622
1543 827
1543 941
1543 945
1544 180
1544 453
1544 623
1544 624
1544 828
1544 940
1544 946
1545 180
1545 453
1545 625
1545 626
1545 828
1545 939
1545 946
1546 0
1546 179
1546 453
1546 627
1546 628
1546 828
1546 939
1546 947
1547 1
1547 2
1547 179
1547 453
1547 629
1547 630
1547 828
1547 938
1547 948
1548 3
1548 178
1548 453
1548 630
1548 631
1548 828
1548 937
1548 949
1549 4
1549 177
1549 453
1549 632
1549 633
1549 828
1549 937
1549 949
1550 5
1550 6
1550 177
1550 454
1550 634
1550 635
1550 828
1550 936
1550 950
1551 7
1551 176
1551 454
1551 636
1551 637
1551 829
1551 935
1551 951
1552 8
1552 175
1552 454
1552 638
1552 639
1552 829
1552 935
1552 952
1553 9
1553 175
1553 454
1553 640
1553 641
1553 829
1553 934
1553 952
1554 10
1554 11
1554 174
1554 454
1554 642
1554 643
1554 829
1554 933
1554 953
1555 12
1555 173
1555 454
1555 644
1555 645
1555 829
1555 932
1555 954
1556 13
1556 172
1556 455
1556 646
1556 647
1556 829
1556 932
1556 955
1557 14
1557 172
1557 455
1557 648
1557 649
1557 830
1557 931
1557 956
1558 15
1558 16
1558 171
1558 455
1558 650
1558 651
1558 830
1558 930
1558 956
1559 17
1559 170
1559 455
1559 652
1559 653
1559 830
1559 929
1559 957
1560 18
1560 169
1560 455
1560 654
1560 655
1560 830
1560 929
1560 958
1561 19
1561 20
1561 169
1561 455
1561 535
1561 536
1561 537
1561 538
1561 539
1561 540
1561 541
1561 542
1561 543
1561 544
1561 545
1561 546
1561 547
1561 548
1561 549
1561 550
1561 551
1561 552
1561 656
1561 657
1561 830
1561 928
1561 959
1562 21
1562 168
1562 456
1562 529
1562 530
1562 531
1562 532
1562 533
1562 534
1562 553
1562 554
1562 555
1562 556
1562 557
1562 658
1562 659
1562 830
1562 927
1562 960
1563 22
1563 23
1563 167
1563 456
1563 524
1563 525
1563 526
1563 527
1563 528
1563 558
1563 559
1563 560
1563 561
1563 660
1563 661
1563 830
1563 926
1563 960
1564 24
1564 166
1564 456
1564 520
1564 521
1564 522
1564 523
1564 562
1564 563
1564 564
1564 662
1564 663
1564 831
1564 925
1564 961
1565 25
1565 26
1565 165
1565 456
1565 517
1565 518
1565 519
1565 565
1565 566
1565 664
1565 665
1565 831
1565 925
1565 962
1566 27
1566 164
1566 456
1566 513
1566 514
1566 515
1566 516
1566 567
1566 568
1566 569
1566 666
1566 667
1566 831
1566 924
1566 963
1567 28
1567 29
1567 163
1567 456
1567 511
1567 512
1567 570
1567 571
1567 668
1567 669
1567 831
1567 923
1567 964
1568 30
1568 162
1568 457
1568 508
1568 509
1568 510
1568 572
1568 573
1568 670
1568 671
1568 831
1568 922
1568 964
1569 31
1569 161
1569 457
1569 506
1569 507
1569 574
1569 672
1569 673
1569 831
1569 921
1569 965
1570 32
1570 33
1570 160
1570 457
1570 503
1570 504
1570 505
1570 575
1570 576
1570 674
1570 675
1570 831
1570 920
1570 966
1571 34
1571 35
1571 160
1571 457
1571 501
1571 502
1571 577
1571 578
1571 676
1571 677
1571 832
1571 919
1571 967
1572 36
1572 159
1572 457
1572 498
1572 499
1572 500
1572 579
1572 678
1572 679
1572 680
1572 832
1572 919
1572 967
1573 37
1573 38
1573 157
1573 158
1573 457
1573 496
1573 497
1573 580
1573 681
1573 682
1573 832
1573 918
1573 968
1574 39
1574 40
1574 156
1574 458
1574 494
1574 495
1574 581
1574 582
1574 683
1574 684
1574 832
1574 917
1574 969
1575 41
1575 42
1575 155
1575 458
1575 492
1575 493
1575 583
1575 685
1575 686
1575 832
1575 916
1575 970
1576 43
1576 154
1576 458
1576 490
1576 491
1576 584
1576 687
1576 688
1576 832
1576 915
1576 971
1577 44
1577 45
1577 153
1577 458
1577 488
1577 489
1577 585
1577 586
1577 689
1577 690
1577 833
1577 914
1577 971
1578 46
1578 47
1578 151
1578 152
1578 458
1578 486
1578 487
1578 587
1578 691
1578 692
1578 693
1578 833
1578 913
1578 972
1579 48
1579 150
1579 458
1579 484
1579 485
1579 588
1579 694
1579 695
1579 833
1579 912
1579 973
1580 49
1580 50
1580 51
1580 149
1580 459
1580 483
1580 589
1580 696
1580 697
1580 833
1580 911
1580 974
1581 52
1581 53
1581 147
1581 148
1581 459
1581 481
1581 482
1581 590
1581 698
1581 699
1581 833
1581 910
1581 975
1582 54
1582 55
1582 146
1582 459
1582 479
1582 480
1582 591
1582 700
1582 701
1582 833
1582 909
1582 975
1583 56
1583 57
1583 144
1583 145
1583 459
1583 477
1583 478
1583 592
1583 702
1583 703
1583 704
1583 834
1583 908
1583 976
1584 58
1584 59
1584 143
1584 459
1584 475
1584 476
1584 593
1584 705
1584 706
1584 834
1584 907
1584 977
1585 60
1585 61
1585 141
1585 142
1585 459
1585 474
1585 594
1585 707
1585 708
1585 834
1585 906
1585 978
1586 62
1586 63
1586 139
1586 140
1586 460
1586 472
1586 473
1586 595
1586 709
1586 710
1586 711
1586 834
1586 904
1586 905
1586 979
1587 64
1587 65
1587 66
1587 137
1587 138
1587 460
1587 470
1587 471
1587 596
1587 712
1587 713
1587 834
1587 903
1587 980
1588 67
1588 68
1588 69
1588 135
1588 136
1588 460
1588 469
1588 597
1588 714
1588 715
1588 834
1588 902
1588 980
1589 70
1589 71
1589 72
1589 133
1589 134
1589 460
1589 467
1589 468
1589 597
1589 716
1589 717
1589 718
1589 835
1589 901
1589 981
1590 73
1590 74
1590 75
1590 130
1590 131
1590 132
1590 460
1590 466
1590 598
1590 719
1590 720
1590 835
1590 900
1590 982
1591 76
1591 77
1591 78
1591 128
1591 129
1591 460
1591 464
1591 465
1591 599
1591 721
1591 722
1591 835
1591 898
1591 899
1591 983
1592 79
1592 80
1592 81
1592 82
1592 83
1592 124
1592 125
1592 126
1592 127
1592 461
1592 462
1592 463
1592 600
1592 723
1592 724
1592 725
1592 835
1592 897
1592 984
1593 84
1593 85
1593 86
1593 87
1593 120
1593 121
1593 122
1593 123
1593 461
1593 601
1593 726
1593 727
1593 835
1593 896
1593 985
1594 88
1594 89
1594 90
1594 91
1594 92
1594 93
1594 94
1594 113
1594 114
1594 115
1594 116
1594 117
1594 118
1594 119
1594 459
1594 460
1594 461
1594 601
1594 728
1594 729
1594 730
1594 835
1594 894
1594 895
1594 985
1595 95
1595 96
1595 97
1595 98
1595 99
1595 100
1595 101
1595 102
1595 103
1595 104
1595 105
1595 106
1595 107
1595 108
1595 109
1595 110
1595 111
1595 112
1595 458
1595 461
1595 602
1595 731
1595 732
1595 733
1595 836
1595 893
1595 986
1596 457
1596 461
1596 603
1596 734
1596 735
1596 836
1596 891
1596 892
1596 987
1597 455
1597 456
1597 461
1597 604
1597 736
1597 737
1597 738
1597 836
1597 890
1597 988
1598 454
1598 462
1598 605
1598 739
1598 740
1598 741
1598 836
1598 888
1598 889
1598 989
1599 452
1599 453
1599 462
1599 605
1599 742
1599 743
1599 836
1599 887
1599 990
1600 451
1600 462
1600 606
1600 744
1600 745
1600 746
1600 837
1600 885
1600 886
1600 990
1601 450
1601 462
1601 607
1601 747
1601 748
1601 749
1601 837
1601 883
1601 884
1601 991
1602 448
1602 449
1602 462
1602 607
1602 750
1602 751
1602 752
1602 837
1602 881
1602 882
1602 992
1603 447
1603 462
1603 608
1603 753
1603 754
1603 755
1603 837
1603 880
1603 993
1604 446
1604 463
1604 609
1604 756
1604 757
1604 758
1604 837
1604 878
1604 879
1604 994
1605 444
1605 445
1605 463
1605 609
1605 759
1605 760
1605 761
1605 837
1605 876
1605 877
1605 994
1606 443
1606 463
1606 610
1606 762
1606 763
1606 764
1606 765
1606 838
1606 873
1606 874
1606 875
1606 995
1607 441
1607 442
1607 463
1607 611
1607 766
1607 767
1607 768
1607 838
1607 871
1607 872
1607 996
1608 440
1608 463
1608 611
1608 769
1608 770
1608 771
1608 772
1608 838
1608 868
1608 869
1608 870
1608 997
1609 439
1609 463
1609 612
1609 773
1609 774
1609 775
1609 776
1609 838
1609 866
1609 867
1609 998
1610 437
1610 438
1610 464
1610 613
1610 777
1610 778
1610 779
1610 780
1610 838
1610 863
1610 864
1610 865
1610 999
1611 436
1611 464
1611 613
1611 781
1611 782
1611 783
1611 784
1611 838
1611 859
1611 860
1611 861
1611 862
1611 999
1612 434
1612 435
1612 464
1612 614
1612 785
1612 786
1612 787
1612 788
1612 789
1612 839
1612 856
1612 857
1612 858
1612 1000
1613 433
1613 464
1613 615
1613 790
1613 791
1613 792
1613 793
1613 794
1613 839
1613 851
1613 852
1613 853
1613 854
1613 855
1613 1001
1614 432
1614 464
1614 615
1614 795
1614 796
1614 797
1614 798
1614 799
1614 800
1614 801
1614 839
1614 846
1614 847
1614 848
1614 849
1614 850
1614 1002
1615 430
1615 431
1615 464
1615 616
1615 802
1615 803
1615 804
1615 805
1615 806
1615 807
1615 808
1615 809
1615 839
1615 840
1615 841
1615 842
1615 843
1615 844
1615 845
1615 1003
1616 429
1616 465
1616 616
1616 810
1616 811
1616 812
1616 813
1616 814
1616 815
1616 816
1616 817
1616 818
1616 819
1616 820
1616 821
1616 822
1616 823
1616 824
1616 825
1616 826
1616 827
1616 828
1616 829
1616 830
1616 831
1616 832
1616 833
1616 834
1616 835
1616 836
1616 837
1616 838
1616 839
1616 1004
1617 427
1617 428
1617 465
1617 617
1617 840
1617 1005
1618 426
1618 465
1618 618
1618 840
1618 1005
1619 425
1619 465
1619 618
1619 840
1619 1006
1620 423
1620 424
1620 465
1620 619
1620 840
1620 1007
1621 422
1621 465
1621 619
1621 840
1621 1008
1622 421
1622 465
1622 620
1622 840
1622 1009
1623 419
1623 420
1623 466
1623 620
1623 841
1623 1010
1624 418
1624 466
1624 621
1624 841
1624 1011
1625 416
1625 417
1625 466
1625 622
1625 841
1625 1011
1626 415
1626 466
1626 622
1626 841
1626 1012
1627 414
1627 466
1627 623
1627 841
1627 1013
1628 412
1628 413
1628 466
1628 623
1628 842
1628 1014
1629 411
1629 467
1629 624
1629 842
1629 1015
1630 409
1630 410
1630 467
1630 624
1630 842
1630 1016
1631 408
1631 467
1631 625
1631 842
1631 1017
1632 407
1632 467
1632 625
1632 842
1632 1018
1633 405
1633 406
1633 467
1633 626
1633 843
1633 1018
1634 404
1634 467
1634 626
1634 843
1634 1019
1635 402
1635 403
1635 468
1635 627
1635 843
1635 1020
1636 401
1636 468
1636 627
1636 843
1636 1021
1637 400
1637 468
1637 628
1637 843
1637 1022
1638 398
1638 399
1638 468
1638 628
1638 844
1638 1023
1639 397
1639 468
1639 629
1639 844
1639 1024
1640 395
1640 396
1640 468
1640 629
1640 844
1640 1024
1641 394
1641 468
1641 630
1641 844
1641 1025
1642 393
1642 469
1642 630
1642 844
1642 1026
1643 391
1643 392
1643 469
1643 631
1643 845
1643 1027
1644 390
1644 469
1644 631
1644 845
1644 1028
1645 389
1645 469
1645 632
1645 845
1645 1029
1646 387
1646 388
1646 469
1646 632
1646 845
1646 1030
1647 386
1647 469
1647 633
1647 845
1647 1031
1648 384
1648 385
1648 470
1648 633
1648 846
1648 1031
1649 383
1649 470
1649 634
1649 846
1649 1032
1650 382
1650 470
1650 634
1650 846
1650 1033
1651 380
1651 381
1651 470
1651 635
1651 846
1651 1034
1652 379
1652 470
1652 635
1652 847
1652 1035
1653 377
1653 378
1653 470
1653 636
1653 847
1653 1036
1654 376
1654 470
1654 636
1654 847
1654 1037
1655 375
1655 471
1655 637
1655 847
1655 1038
1656 373
1656 374
1656 471
1656 637
1656 847
1656 1039
1657 372
1657 471
1657 637
1657 848
1657 1040
1658 370
1658 371
1658 471
1658 638
1658 848
1658 1041
1659 369
1659 471
1659 638
1659 848
1659 1041
1660 368
1660 471
1660 639
1660 848
1660 1042
1661 366
1661 367
1661 471
1661 639
1661 848
1661 1043
1662 365
1662 472
1662 640
1662 849
1662 1044
1663 364
1663 472
1663 640
1663 849
1663 1045
1664 362
1664 363
1664 472
1664 641
1664 849
1664 1046
1665 361
1665 472
1665 641
1665 849
1665 1047
1666 359
1666 360
1666 472
1666 642
1666 849
1666 1048
1667 358
1667 472
1667 642
1667 850
1667 1049
1668 357
1668 473
1668 642
1668 850
1668 1050
1669 355
1669 356
1669 473
1669 643
1669 850
1669 1050
1670 354
1670 473
1670 643
1670 850
1670 1051
1671 352
1671 353
1671 473
1671 644
1671 851
1671 1052
1672 351
1672 473
1672 644
1672 851
1672 1053
1673 350
1673 473
1673 645
1673 851
1673 1054
1674 348
1674 349
1674 473
1674 645
1674 851
1674 1055
1675 347
1675 474
1675 645
1675 852
1675 1056
1676 345
1676 346
1676 474
1676 646
1676 852
1676 1057
1677 344
1677 474
1677 646
1677 852
1677 1058
1678 343
1678 474
1678 647
1678 852
1678 1059
1679 341
1679 342
1679 474
1679 647
1679 853
1679 1060
1680 340
1680 474
1680 648
1680 853
1680 1060
1681 338
1681 339
1681 474
1681 648
1681 853
1681 1061
1682 337
1682 475
1682 649
1682 853
1682 1062
1683 336
1683 475
1683 649
1683 854
1683 1063
1684 334
1684 335
1684 475
1684 649
1684 854
1684 1064
1685 333
1685 475
1685 650
1685 854
1685 1065
1686 332
1686 475
1686 650
1686 854
1686 1066
1687 330
1687 331
1687 475
1687 651
1687 855
1687 1067
1688 329
1688 475
1688 651
1688 855
1688 1068
1689 327
1689 328
1689 475
1689 651
1689 855
1689 1069
1690 326
1690 476
1690 652
1690 855
1690 1070
1691 325
1691 476
1691 652
1691 855
1691 1071
1692 323
1692 324
1692 476
1692 653
1692 856
1692 1072
1693 322
1693 476
1693 653
1693 856
1693 1073
1694 320
1694 321
1694 476
1694 654
1694 856
1694 1074
1695 319
1695 476
1695 654
1695 856
1695 1075
1696 318
1696 476
1696 654
1696 857
1696 1076
1697 316
1697 317
1697 477
1697 655
1697 857
1697 1077
1698 315
1698 477
1698 655
1698 857
1698 1077
1699 313
1699 314
1699 477
1699 656
1699 857
1699 1078
1700 312
1700 477
1700 656
1700 858
1700 1079
1701 311
1701 477
1701 656
1701 858
1702 309
1702 310
1702 477
1702 657
1702 858
1703 308
1703 477
1703 657
1703 858
1704 306
1704 307
1704 477
1704 658
1704 859
1705 305
1705 478
1705 658
1705 859
1706 304
1706 478
1706 658
1706 859
1707 302
1707 303
1707 478
1707 659
1707 859
1708 301
1708 478
1708 659
1708 860
1709 299
1709 300
1709 478
1709 660
1709 860
1710 298
1710 478
1710 660
1710 860
1711 297
1711 478
1711 660
1711 860
1712 295
1712 296
1712 478
1712 661
1712 861
1713 294
1713 479
1713 661
1713 861
1714 293
1714 479
1714 662
1714 861
1715 291
1715 292
1715 479
1715 662
1715 862
1716 290
1716 479
1716 662
1716 862
1717 288
1717 289
1717 479
1717 663
1717 862
1718 287
1718 479
1718 663
1718 862
1719 286
1719 479
1719 664
1719 863
1720 284
1720 285
1720 479
1720 664
1720 863
1721 283
1721 479
1721 664
1721 863
1722 281
1722 282
1722 480
1722 665
1722 864
1723 280
1723 480
1723 665
1723 864
1724 279
1724 480
1724 666
1724 864
1725 277
1725 278
1725 480
1725 666
1725 865
1726 276
1726 480
1726 666
1726 865
1727 274
1727 275
1727 480
1727 667
1727 865
1728 273
1728 480
1728 667
1728 865
1729 272
1729 480
1729 667
1729 866
1730 270
1730 271
1730 480
1730 668
1730 866
1731 269
1731 481
1731 668
1731 866
1732 267
1732 268
1732 481
1732 669
1732 867
1733 266
1733 481
1733 669
1733 867
1734 265
1734 481
1734 669
1734 867
1735 263
1735 264
1735 481
1735 670
1735 868
1736 262
1736 481
1736 670
1736 868
1737 261
1737 481
1737 671
1737 868
1738 259
1738 260
1738 481
1738 671
1738 868
1739 258
1739 481
1739 671
1739 869
1740 256
1740 257
1740 481
1740 672
1740 869
1741 255
1741 482
1741 672
1741 869
1742 254
1742 482
1742 673
1742 870
1743 252
1743 253
1743 482
1743 673
1743 870
1744 251
1744 482
1744 673
1744 870
1745 249
1745 250
1745 482
1745 674
1745 870
1746 248
1746 482
1746 674
1746 871
1747 247
1747 482
1747 674
1747 871
1748 245
1748 246
1748 482
1748 675
1748 871
1749 244
1749 482
1749 675
1749 872
1750 242
1750 243
1750 482
1750 676
1750 872
1751 241
1751 482
1751 676
1751 872
1752 240
1752 482
1752 676
1752 873
1753 238
1753 239
1753 483
1753 677
1753 873
1754 237
1754 483
1754 677
1754 873
1755 235
1755 236
1755 483
1755 677
1755 874
1756 234
1756 483
1756 678
1756 874
1757 233
1757 483
1757 678
1757 874
1758 231
1758 232
1758 483
1758 679
1758 875
1759 230
1759 483
1759 679
1759 875
1760 229
1760 483
1760 679
1760 875
1761 227
1761 228
1761 483
1761 680
1761 876
1762 226
1762 483
1762 680
1762 876
1763 224
1763 225
1763 483
1763 681
1763 876
1764 223
1764 483
1764 681
1764 877
1765 222
1765 483
1765 681
1765 877
1766 220
1766 221
1766 483
1766 682
1766 877
1767 219
1767 484
1767 682
1767 878
1768 217
1768 218
1768 484
1768 682
1768 878
1769 216
1769 484
1769 683
1769 879
1770 215
1770 484
1770 683
1770 879
1771 213
1771 214
1771 484
1771 684
1771 879
1772 212
1772 484
1772 684
1772 880
1773 210
1773 211
1773 484
1773 684
1773 880
1774 209
1774 484
1774 685
1774 880
1775 208
1775 484
1775 685
1775 881
1776 206
1776 207
1776 484
1776 685
1776 881
1777 205
1777 484
1777 686
1777 881
1778 203
1778 204
1778 484
1778 686
1778 882
1779 202
1779 484
1779 687
1779 882
1780 201
1780 484
1780 687
1780 882
1781 199
1781 200
1781 484
1781 687
1781 883
1782 198
1782 484
1782 688
1782 883
1783 196
1783 197
1783 484
1783 688
1783 883
1784 195
1784 484
1784 689
1784 884
1785 194
1785 484
1785 689
1785 884
1786 192
1786 193
1786 484
1786 689
1786 885
1787 191
1787 484
1787 690
1787 885
1788 189
1788 190
1788 484
1788 690
1788 885
1789 188
1789 484
1789 690
1789 886
1790 187
1790 484
1790 691
1790 886
1791 185
1791 186
1791 484
1791 691
1791 886
1792 184
1792 484
1792 692
1792 887
1793 182
1793 183
1793 484
1793 692
1793 887
1794 181
1794 484
1794 692
1794 888
1795 180
1795 484
1795 693
1795 888
1796 178
1796 179
1796 484
1796 693
1796 889
1797 177
1797 484
1797 693
1797 889
1798 175
1798 176
1798 484
1798 694
1798 889
1799 174
1799 484
1799 694
1799 890
1800 173
1800 484
1800 695
1800 890
1801 171
1801 172
1801 484
1801 695
1801 891
1802 170
1802 484
1802 695
1802 891
1803 168
1803 169
1803 484
1803 696
1803 892
1804 167
1804 484
1804 696
1804 892
1805 165
1805 166
1805 484
1805 696
1805 892
1806 164
1806 484
1806 697
1806 893
1807 163
1807 484
1807 697
1807 893
1808 161
1808 162
1808 483
1808 698
1808 894
1809 160
1809 483
1809 698
1809 894
1810 158
1810 159
1810 483
1810 698
1810 895
1811 157
1811 483
1811 699
1811 895
1812 156
1812 483
1812 699
1812 895
1813 154
1813 155
1813 483
1813 699
1813 896
1814 153
1814 483
1814 700
1814 896
1815 151
1815 152
1815 483
1815 700
1815 897
1816 150
1816 483
1816 701
1816 897
1817 149
1817 483
1817 701
1817 898
1818 147
1818 148
1818 483
1818 701
1818 898
1819 146
1819 482
1819 702
1819 898
1820 144
1820 145
1820 482
1820 702
1820 899
1821 143
1821 482
1821 702
1821 899
1822 142
1822 482
1822 703
1822 900
1823 140
1823 141
1823 482
1823 703
1823 900
1824 139
1824 482
1824 704
1824 901
1825 137
1825 138
1825 482
1825 704
1825 901
1826 136
1826 481
1826 704
1826 901
1827 135
1827 481
1827 705
1827 902
1828 133
1828 134
1828 481
1828 705
1828 902
1829 132
1829 481
1829 705
1829 903
1830 130
1830 131
1830 481
1830 706
1830 904
1831 129
1831 480
1831 706
1831 904
1832 127
1832 128
1832 480
1832 707
1832 905
1833 126
1833 480
1833 707
1833 905
1834 125
1834 480
1834 707
1834 906
1835 123
1835 124
1835 480
1835 708
1835 906
1836 122
1836 479
1836 708
1836 907
1837 120
1837 121
1837 479
1837 709
1837 907
1838 119
1838 479
1838 709
1838 908
1839 117
1839 118
1839 478
1839 709
1839 908
1840 116
1840 478
1840 710
1840 909
1841 115
1841 478
1841 710
1841 909
1842 113
1842 114
1842 478
1842 710
1842 910
1843 112
1843 477
1843 711
1843 910
1844 110
1844 111
1844 477
1844 711
1844 911
1845 109
1845 477
1845 712
1845 911
1846 108
1846 476
1846 712
1846 912
1847 106
1847 107
1847 476
1847 712
1847 912
1848 105
1848 475
1848 713
1848 913
1849 103
1849 104
1849 475
1849 713
1849 914
1850 102
1850 475
1850 713
1850 914
1851 100
1851 101
1851 474
1851 714
1851 915
1852 99
1852 474
1852 714
1852 915
1853 98
1853 473
1853 715
1853 916
1854 96
1854 97
1854 473
1854 715
1854 916
1855 95
1855 472
1855 715
1855 917
1856 93
1856 94
1856 472
1856 716
1856 917
1857 92
1857 472
1857 716
1857 918
1858 90
1858 91
1858 471
1858 717
1858 918
1859 89
1859 470
1859 717
1859 919
1860 88
1860 470
1860 717
1860 919
1861 86
1861 87
1861 469
1861 718
1861 920
1862 85
1862 469
1862 718
1862 921
1863 83
1863 84
1863 468
1863 718
1863 921
1864 82
1864 468
1864 719
1864 922
1865 80
1865 81
1865 467
1865 719
1865 923
1866 79
1866 466
1866 720
1866 923
1867 78
1867 466
1867 720
1867 924
1868 76
1868 77
1868 465
1868 720
1868 925
1869 75
1869 464
1869 721
1869 925
1870 73
1870 74
1870 463
1870 721
1870 926
1871 72
1871 463
1871 722
1871 927
1872 70
1872 71
1872 462
1872 722
1872 927
1873 69
1873 461
1873 722
1873 928
1874 67
1874 68
1874 460
1874 723
1874 928
1875 66
1875 459
1875 723
1875 929
1876 65
1876 459
1876 723
1876 930
1877 63
1877 64
1877 458
1877 724
1877 930
1878 62
1878 457
1878 724
1878 931
1879 60
1879 61
1879 456
1879 725
1879 932
1880 59
1880 455
1880 725
1880 932
1881 57
1881 58
1881 454
1881 725
1881 933
1882 56
1882 453
1882 726
1882 934
1883 55
1883 452
1883 726
1883 934
1884 53
1884 54
1884 451
1884 726
1884 935
1885 52
1885 450
1885 727
1885 936
1886 50
1886 51
1886 449
1886 727
1886 936
1887 49
1887 448
1887 728
1887 937
1888 47
1888 48
1888 447
1888 728
1888 938
1889 46
1889 446
1889 728
1889 938
1890 44
1890 45
1890 445
1890 729
1890 939
1891 43
1891 444
1891 729
1891 940
1892 42
1892 443
1892 730
1892 941
1893 40
1893 41
1893 442
1893 730
1893 941
1894 39
1894 441
1894 730
1894 942
1895 37
1895 38
1895 439
1895 440
1895 731
1895 943
1896 36
1896 438
1896 731
1896 944
1897 34
1897 35
1897 437
1897 732
1897 945
1898 33
1898 436
1898 732
1898 946
1899 31
1899 32
1899 435
1899 732
1899 946
1900 30
1900 434
1900 733
1900 947
1901 29
1901 432
1901 433
1901 733
1901 948
1902 27
1902 28
1902 431
1902 733
1902 949
1903 26
1903 430
1903 734
1903 950
1904 24
1904 25
1904 429
1904 734
1904 950
1905 23
1905 428
1905 735
1905 951
1906 21
1906 22
1906 426
1906 427
1906 735
1906 952
1907 20
1907 425
1907 735
1907 953
1908 19
1908 424
1908 736
1908 954
1909 17
1909 18
1909 423
1909 736
1909 954
1910 16
1910 422
1910 737
1910 955
1911 14
1911 15
1911 420
1911 421
1911 737
1911 956
1912 13
1912 419
1912 737
1912 957
1913 11
1913 12
1913 418
1913 738
1913 958
1914 10
1914 416
1914 417
1914 418
1914 738
1914 958
1915 8
1915 9
1915 415
1915 739
1915 959
1916 7
1916 413
1916 414
1916 739
1916 960
1917 6
1917 412
1917 739
1917 961
1918 4
1918 5
1918 410
1918 411
1918 740
1918 962
1919 3
1919 409
1919 740
1919 963
