0 251
0 411
0 672
0 769
0 843
0 1077
1 251
1 411
1 672
1 769
1 843
1 1076
2 251
2 411
2 672
2 769
2 843
2 1076
3 251
3 411
3 672
3 769
3 843
3 1075
4 251
4 411
4 672
4 769
4 843
4 1075
5 251
5 411
5 672
5 769
5 843
5 1074
6 251
6 411
6 672
6 769
6 843
6 1074
7 251
7 411
7 672
7 769
7 843
7 1073
8 251
8 411
8 672
8 769
8 843
8 1072
9 251
9 411
9 672
9 769
9 843
9 1072
10 251
10 411
10 672
10 769
10 843
10 1071
11 251
11 411
11 672
11 769
11 843
11 1071
12 251
12 411
12 672
12 769
12 843
12 1070
13 251
13 411
13 672
13 769
13 843
13 1070
14 251
14 411
14 672
14 769
14 843
14 1069
15 251
15 411
15 672
15 769
15 843
15 1068
16 251
16 411
16 672
16 769
16 843
16 1068
17 251
17 411
17 672
17 769
17 843
17 1067
18 251
18 411
18 672
18 769
18 843
18 1067
19 251
19 411
19 672
19 769
19 843
19 1066
20 251
20 411
20 672
20 769
20 843
20 1065
21 251
21 411
21 672
21 769
21 843
21 1065
22 251
22 411
22 672
22 769
22 843
22 1064
23 251
23 411
23 672
23 769
23 843
23 1064
24 251
24 411
24 672
24 769
24 843
24 1063
25 251
25 411
25 672
25 769
25 843
25 1063
26 251
26 411
26 672
26 769
26 843
26 1062
27 251
27 411
27 672
27 769
27 843
27 1061
28 251
28 411
28 672
28 769
28 843
28 1061
29 251
29 411
29 672
29 769
29 843
29 1060
30 251
30 411
30 672
30 769
30 843
30 1060
31 251
31 411
31 672
31 769
31 843
31 1059
32 251
32 411
32 672
32 769
32 843
32 1059
33 251
33 411
33 672
33 769
33 843
33 1058
34 251
34 411
34 672
34 769
34 843
34 1057
35 251
35 411
35 672
35 769
35 843
35 1057
36 251
36 411
36 672
36 769
36 843
36 1056
37 251
37 411
37 672
37 769
37 843
37 1056
38 251
38 411
38 672
38 769
38 843
38 1055
39 251
39 411
39 672
39 769
39 843
39 1055
40 251
40 411
40 672
40 769
40 843
40 1054
41 251
41 411
41 672
41 769
41 843
41 1053
42 251
42 411
42 672
42 769
42 843
42 1053
43 251
43 411
43 672
43 769
43 843
43 1052
44 251
44 411
44 672
44 769
44 843
44 1052
45 251
45 411
45 672
45 769
45 843
45 1051
46 251
46 411
46 672
46 769
46 843
46 1050
47 251
47 411
47 672
47 769
47 843
47 1050
48 251
48 411
48 672
48 769
48 843
48 1049
49 251
49 412
49 672
49 769
49 843
49 1049
50 0
50 1
50 2
50 251
50 412
50 672
50 769
50 843
50 1048
51 3
51 4
51 5
51 6
51 251
51 412
51 672
51 769
51 843
51 1048
52 7
52 8
52 9
52 251
52 412
52 672
52 769
52 843
52 1047
53 10
53 11
53 12
53 13
53 251
53 412
53 672
53 769
53 843
53 1046
54 14
54 15
54 16
54 251
54 413
54 672
54 769
54 843
54 1046
55 17
55 18
55 251
55 413
55 672
55 769
55 843
55 1045
56 19
56 251
56 413
56 672
56 769
56 843
56 1045
57 20
57 21
57 251
57 414
57 672
57 769
57 843
57 1044
58 22
58 23
58 251
58 414
58 672
58 769
58 843
58 1044
59 24
59 251
59 415
59 672
59 769
59 843
59 1043
60 25
60 251
60 415
60 672
60 769
60 843
60 1042
61 26
61 27
61 251
61 416
61 672
61 769
61 843
61 1042
62 28
62 251
62 417
62 672
62 769
62 843
62 1041
63 29
63 251
63 417
63 672
63 769
63 843
63 1041
64 30
64 251
64 418
64 672
64 769
64 843
64 1040
65 31
65 251
65 418
65 672
65 769
65 843
65 1040
66 32
66 251
66 419
66 672
66 769
66 843
66 1039
67 33
67 251
67 420
67 672
67 769
67 843
67 1038
68 34
68 251
68 420
68 672
68 769
68 843
68 1038
69 35
69 251
69 421
69 672
69 769
69 843
69 1037
70 35
70 251
70 420
70 422
70 423
70 672
70 769
70 843
70 1037
71 36
71 251
71 419
71 424
71 672
71 769
71 843
71 1036
72 37
72 251
72 418
72 425
72 672
72 769
72 843
72 1036
73 37
73 251
73 417
73 426
73 427
73 672
73 769
73 843
73 1035
74 37
74 251
74 416
74 428
74 672
74 769
74 843
74 1034
75 38
75 251
75 415
75 429
75 430
75 672
75 769
75 843
75 1034
76 38
76 251
76 414
76 431
76 432
76 672
76 769
76 843
76 1033
77 38
77 251
77 413
77 433
77 434
77 672
77 769
77 843
77 1033
78 39
78 251
78 412
78 435
78 436
78 672
78 769
78 843
78 1032
79 39
79 251
79 411
79 437
79 438
79 439
79 440
79 672
79 769
79 843
79 1031
80 39
80 251
80 410
80 441
80 442
80 443
80 444
80 672
80 769
80 843
80 1031
81 39
81 251
81 409
81 445
81 446
81 447
81 448
81 672
81 769
81 843
81 1030
82 40
82 251
82 408
82 449
82 450
82 451
82 452
82 453
82 454
82 455
82 456
82 457
82 458
82 459
82 460
82 461
82 462
82 463
82 464
82 465
82 466
82 467
82 468
82 469
82 470
82 471
82 472
82 473
82 474
82 475
82 476
82 477
82 478
82 479
82 480
82 481
82 482
82 483
82 484
82 485
82 486
82 487
82 488
82 489
82 490
82 491
82 492
82 493
82 494
82 495
82 496
82 497
82 498
82 499
82 500
82 501
82 502
82 503
82 504
82 505
82 506
82 507
82 508
82 509
82 510
82 511
82 512
82 513
82 514
82 515
82 516
82 517
82 518
82 519
82 520
82 521
82 522
82 523
82 524
82 525
82 526
82 527
82 528
82 529
82 530
82 531
82 532
82 533
82 534
82 535
82 536
82 537
82 538
82 539
82 540
82 541
82 542
82 543
82 672
82 769
82 843
82 1030
83 40
83 251
83 407
83 544
83 545
83 546
83 547
83 548
83 549
83 550
83 672
83 769
83 843
83 1029
84 40
84 251
84 406
84 551
84 552
84 672
84 769
84 843
84 1029
85 40
85 251
85 405
85 553
85 554
85 672
85 769
85 843
85 1028
86 40
86 251
86 404
86 555
86 672
86 769
86 843
86 1027
87 40
87 251
87 403
87 556
87 557
87 672
87 769
87 843
87 1027
88 41
88 251
88 402
88 558
88 672
88 769
88 843
88 1026
89 41
89 251
89 401
89 559
89 672
89 769
89 843
89 1026
90 41
90 251
90 400
90 560
90 672
90 769
90 843
90 1025
91 41
91 251
91 399
91 561
91 672
91 769
91 843
91 1025
92 41
92 251
92 398
92 562
92 672
92 769
92 843
92 1024
93 41
93 251
93 397
93 563
93 672
93 769
93 843
93 1023
94 41
94 251
94 396
94 564
94 672
94 769
94 843
94 1023
95 41
95 251
95 395
95 565
95 672
95 769
95 843
95 1022
96 41
96 251
96 394
96 566
96 672
96 769
96 843
96 1022
97 41
97 251
97 393
97 566
97 672
97 769
97 843
97 1021
98 41
98 251
98 392
98 567
98 672
98 769
98 843
98 1021
99 41
99 251
99 391
99 567
99 672
99 769
99 843
99 1020
100 41
100 251
100 390
100 568
100 672
100 769
100 843
100 1019
101 41
101 251
101 389
101 569
101 672
101 769
101 843
101 1019
102 41
102 251
102 388
102 569
102 672
102 769
102 843
102 1018
103 41
103 251
103 387
103 570
103 672
103 769
103 843
103 1018
104 41
104 251
104 386
104 570
104 672
104 769
104 843
104 1017
105 41
105 251
105 385
105 571
105 672
105 769
105 843
105 1016
106 41
106 251
106 384
106 571
106 672
106 769
106 843
106 1016
107 41
107 251
107 383
107 572
107 672
107 769
107 843
107 1015
108 41
108 251
108 382
108 572
108 672
108 769
108 843
108 1015
109 41
109 251
109 381
109 573
109 672
109 769
109 843
109 1014
110 41
110 251
110 380
110 573
110 672
110 769
110 843
110 1014
111 41
111 251
111 379
111 573
111 672
111 769
111 843
111 1013
112 41
112 251
112 378
112 573
112 672
112 769
112 843
112 1012
113 41
113 251
113 377
113 574
113 672
113 769
113 843
113 1012
114 41
114 251
114 376
114 574
114 672
114 769
114 843
114 1011
115 41
115 251
115 375
115 574
115 672
115 769
115 843
115 1011
116 41
116 251
116 374
116 574
116 672
116 769
116 843
116 1010
117 41
117 251
117 373
117 574
117 672
117 769
117 843
117 1010
118 41
118 251
118 372
118 574
118 672
118 769
118 843
118 1009
119 41
119 251
119 371
119 574
119 672
119 769
119 843
119 1008
120 41
120 251
120 370
120 574
120 672
120 769
120 843
120 1008
121 41
121 251
121 369
121 574
121 672
121 769
121 843
121 1007
122 41
122 251
122 368
122 574
122 672
122 769
122 843
122 1007
123 41
123 251
123 367
123 574
123 672
123 769
123 843
123 1006
124 41
124 251
124 366
124 574
124 672
124 769
124 843
124 1006
125 41
125 251
125 365
125 574
125 672
125 769
125 843
125 1005
126 41
126 251
126 364
126 574
126 672
126 769
126 843
126 1004
127 41
127 251
127 363
127 574
127 672
127 769
127 843
127 1004
128 41
128 251
128 362
128 574
128 672
128 769
128 843
128 1003
129 41
129 251
129 361
129 574
129 672
129 769
129 843
129 1003
130 41
130 251
130 360
130 574
130 672
130 769
130 843
130 1002
131 41
131 251
131 359
131 574
131 672
131 769
131 843
131 1002
132 41
132 251
132 358
132 574
132 672
132 769
132 843
132 1001
133 41
133 251
133 357
133 574
133 672
133 769
133 843
133 1000
134 41
134 251
134 356
134 574
134 672
134 769
134 843
134 1000
135 41
135 251
135 355
135 574
135 672
135 769
135 843
135 999
136 41
136 251
136 354
136 574
136 672
136 769
136 843
136 999
137 41
137 251
137 353
137 574
137 672
137 769
137 843
137 998
138 41
138 251
138 352
138 574
138 672
138 769
138 843
138 997
139 41
139 251
139 351
139 574
139 672
139 769
139 843
139 997
140 41
140 251
140 350
140 574
140 672
140 769
140 843
140 996
141 41
141 251
141 349
141 574
141 672
141 769
141 843
141 996
142 41
142 251
142 348
142 574
142 672
142 769
142 843
142 995
143 41
143 251
143 347
143 574
143 672
143 673
143 769
143 843
143 995
144 41
144 251
144 346
144 574
144 671
144 673
144 769
144 843
144 994
145 41
145 251
145 345
145 574
145 671
145 673
145 769
145 843
145 993
146 41
146 251
146 344
146 574
146 671
146 673
146 769
146 843
146 993
147 41
147 251
147 343
147 574
147 671
147 674
147 769
147 843
147 992
148 41
148 251
148 342
148 574
148 670
148 674
148 769
148 843
148 992
149 41
149 251
149 341
149 574
149 670
149 674
149 769
149 843
149 991
150 41
150 251
150 340
150 574
150 670
150 674
150 769
150 843
150 991
151 41
151 251
151 339
151 574
151 670
151 675
151 769
151 843
151 990
152 41
152 251
152 338
152 574
152 669
152 675
152 769
152 843
152 989
153 41
153 251
153 337
153 574
153 669
153 675
153 769
153 843
153 989
154 41
154 251
154 336
154 574
154 669
154 676
154 769
154 843
154 988
155 41
155 251
155 335
155 574
155 668
155 676
155 769
155 843
155 988
156 41
156 251
156 334
156 574
156 668
156 676
156 769
156 843
156 987
157 41
157 251
157 333
157 574
157 668
157 677
157 769
157 843
157 987
158 41
158 251
158 332
158 574
158 667
158 677
158 769
158 843
158 986
159 41
159 251
159 331
159 574
159 667
159 678
159 769
159 843
159 985
160 41
160 251
160 330
160 574
160 666
160 678
160 769
160 843
160 985
161 41
161 251
161 329
161 574
161 666
161 679
161 769
161 843
161 984
162 41
162 251
162 328
162 574
162 665
162 680
162 769
162 843
162 984
163 41
163 251
163 327
163 574
163 664
163 680
163 769
163 843
163 983
164 41
164 251
164 326
164 574
164 663
164 681
164 769
164 843
164 982
165 41
165 251
165 325
165 574
165 662
165 682
165 769
165 843
165 982
166 41
166 251
166 324
166 574
166 661
166 683
166 769
166 843
166 981
167 41
167 251
167 323
167 574
167 660
167 684
167 769
167 843
167 981
168 41
168 251
168 322
168 574
168 658
168 659
168 685
168 769
168 843
168 980
169 41
169 251
169 321
169 574
169 657
169 686
169 769
169 843
169 980
170 41
170 251
170 320
170 574
170 656
170 687
170 688
170 769
170 843
170 979
171 41
171 251
171 319
171 574
171 654
171 655
171 689
171 769
171 843
171 978
172 41
172 251
172 318
172 574
172 652
172 653
172 690
172 769
172 843
172 978
173 41
173 251
173 317
173 574
173 650
173 651
173 691
173 692
173 693
173 769
173 843
173 977
174 41
174 251
174 316
174 574
174 648
174 649
174 694
174 695
174 769
174 843
174 977
175 41
175 251
175 315
175 574
175 646
175 647
175 696
175 697
175 769
175 843
175 976
176 41
176 251
176 314
176 574
176 643
176 644
176 645
176 698
176 699
176 700
176 769
176 843
176 976
177 42
177 251
177 313
177 574
177 639
177 640
177 641
177 642
177 701
177 702
177 703
177 704
177 769
177 843
177 975
178 42
178 251
178 312
178 574
178 635
178 636
178 637
178 638
178 705
178 706
178 707
178 708
178 709
178 710
178 711
178 712
178 713
178 714
178 715
178 716
178 717
178 718
178 719
178 720
178 721
178 722
178 723
178 724
178 725
178 726
178 727
178 728
178 729
178 730
178 731
178 732
178 733
178 734
178 735
178 736
178 737
178 738
178 739
178 740
178 741
178 742
178 743
178 744
178 745
178 746
178 747
178 748
178 749
178 750
178 751
178 752
178 753
178 754
178 755
178 756
178 757
178 758
178 759
178 760
178 761
178 762
178 763
178 764
178 765
178 766
178 767
178 768
178 769
178 843
178 974
179 42
179 251
179 311
179 574
179 575
179 576
179 577
179 578
179 579
179 580
179 581
179 582
179 583
179 584
179 585
179 586
179 587
179 588
179 589
179 590
179 591
179 592
179 593
179 594
179 595
179 596
179 597
179 598
179 599
179 600
179 601
179 602
179 603
179 604
179 605
179 606
179 607
179 608
179 609
179 610
179 611
179 612
179 613
179 614
179 615
179 616
179 617
179 618
179 619
179 620
179 621
179 622
179 623
179 624
179 625
179 626
179 627
179 628
179 629
179 630
179 631
179 632
179 633
179 634
179 769
179 843
179 974
180 42
180 251
180 310
180 574
180 769
180 843
180 973
181 42
181 251
181 309
181 574
181 769
181 843
181 973
182 42
182 251
182 308
182 574
182 769
182 843
182 972
183 43
183 251
183 307
183 574
183 769
183 843
183 972
184 43
184 251
184 306
184 574
184 769
184 843
184 971
185 43
185 251
185 305
185 574
185 769
185 843
185 970
186 43
186 251
186 304
186 574
186 769
186 843
186 970
187 43
187 251
187 303
187 574
187 769
187 843
187 969
188 44
188 251
188 302
188 574
188 769
188 843
188 969
189 44
189 251
189 301
189 574
189 769
189 843
189 968
190 44
190 251
190 300
190 574
190 769
190 843
190 968
191 44
191 251
191 299
191 574
191 769
191 843
191 967
192 45
192 251
192 298
192 574
192 769
192 843
192 966
193 45
193 251
193 297
193 574
193 769
193 843
193 966
194 45
194 251
194 296
194 574
194 769
194 843
194 965
195 46
195 251
195 295
195 574
195 769
195 843
195 965
196 46
196 251
196 294
196 574
196 769
196 843
196 964
197 47
197 251
197 293
197 574
197 769
197 843
197 963
198 47
198 251
198 292
198 574
198 769
198 843
198 963
199 48
199 251
199 291
199 574
199 769
199 843
199 962
200 49
200 251
200 290
200 574
200 769
200 843
200 962
201 49
201 251
201 289
201 574
201 769
201 843
201 961
202 50
202 251
202 288
202 574
202 769
202 843
202 961
203 51
203 52
203 251
203 287
203 574
203 769
203 843
203 960
204 53
204 251
204 286
204 574
204 769
204 843
204 959
205 54
205 55
205 251
205 285
205 574
205 769
205 843
205 959
206 56
206 251
206 284
206 574
206 769
206 843
206 958
207 57
207 58
207 251
207 283
207 574
207 769
207 843
207 958
208 59
208 60
208 251
208 282
208 574
208 769
208 843
208 957
209 61
209 62
209 63
209 251
209 281
209 574
209 769
209 843
209 957
210 64
210 65
210 251
210 280
210 574
210 769
210 843
210 956
211 66
211 67
211 68
211 251
211 279
211 574
211 769
211 843
211 955
212 69
212 70
212 251
212 278
212 574
212 769
212 843
212 955
213 71
213 72
213 73
213 251
213 277
213 574
213 769
213 843
213 954
214 74
214 75
214 251
214 276
214 574
214 769
214 843
214 954
215 76
215 77
215 78
215 79
215 80
215 81
215 82
215 83
215 84
215 85
215 86
215 87
215 88
215 89
215 90
215 91
215 92
215 93
215 94
215 95
215 96
215 97
215 98
215 99
215 100
215 101
215 102
215 103
215 104
215 105
215 106
215 107
215 108
215 109
215 110
215 111
215 112
215 113
215 114
215 115
215 116
215 117
215 118
215 119
215 120
215 121
215 122
215 123
215 124
215 125
215 126
215 127
215 128
215 129
215 130
215 131
215 132
215 133
215 134
215 135
215 136
215 137
215 138
215 139
215 140
215 141
215 142
215 143
215 144
215 145
215 146
215 147
215 148
215 149
215 150
215 151
215 152
215 153
215 154
215 155
215 156
215 157
215 158
215 159
215 160
215 161
215 162
215 163
215 164
215 165
215 166
215 167
215 168
215 169
215 170
215 171
215 172
215 173
215 174
215 175
215 176
215 177
215 178
215 179
215 180
215 181
215 182
215 183
215 184
215 185
215 186
215 187
215 188
215 189
215 190
215 191
215 192
215 193
215 194
215 195
215 196
215 197
215 198
215 199
215 200
215 201
215 202
215 203
215 204
215 205
215 206
215 207
215 208
215 209
215 210
215 211
215 212
215 213
215 214
215 215
215 216
215 217
215 218
215 219
215 220
215 221
215 222
215 223
215 224
215 225
215 226
215 227
215 228
215 229
215 230
215 231
215 232
215 233
215 234
215 235
215 236
215 237
215 238
215 239
215 240
215 241
215 242
215 243
215 244
215 245
215 246
215 247
215 248
215 249
215 250
215 251
215 252
215 253
215 254
215 255
215 256
215 257
215 258
215 259
215 260
215 261
215 262
215 263
215 264
215 265
215 266
215 267
215 268
215 269
215 270
215 271
215 272
215 273
215 274
215 275
215 276
215 277
215 278
215 279
215 280
215 281
215 282
215 283
215 284
215 285
215 286
215 287
215 288
215 289
215 290
215 291
215 292
215 293
215 294
215 295
215 296
215 297
215 298
215 299
215 300
215 301
215 302
215 303
215 304
215 305
215 306
215 307
215 308
215 309
215 310
215 311
215 312
215 313
215 314
215 315
215 316
215 317
215 318
215 319
215 320
215 321
215 322
215 323
215 324
215 325
215 326
215 327
215 328
215 329
215 330
215 331
215 332
215 333
215 334
215 335
215 336
215 337
215 338
215 339
215 340
215 341
215 342
215 343
215 344
215 345
215 346
215 347
215 348
215 349
215 350
215 351
215 352
215 353
215 354
215 355
215 356
215 357
215 358
215 359
215 360
215 361
215 362
215 363
215 364
215 365
215 366
215 367
215 368
215 369
215 370
215 371
215 372
215 373
215 374
215 375
215 376
215 377
215 378
215 379
215 380
215 381
215 382
215 383
215 384
215 385
215 386
215 387
215 388
215 389
215 390
215 391
215 392
215 393
215 394
215 395
215 396
215 397
215 398
215 399
215 400
215 401
215 402
215 403
215 404
215 405
215 406
215 407
215 408
215 409
215 410
215 411
215 412
215 413
215 414
215 415
215 416
215 417
215 418
215 419
215 420
215 421
215 422
215 423
215 424
215 425
215 426
215 427
215 428
215 429
215 430
215 431
215 432
215 433
215 434
215 435
215 436
215 437
215 438
215 439
215 440
215 441
215 442
215 443
215 444
215 445
215 446
215 447
215 448
215 449
215 574
215 769
215 843
215 953
216 74
216 75
216 251
216 450
216 451
216 452
216 453
216 454
216 574
216 769
216 843
216 953
217 71
217 72
217 73
217 251
217 455
217 456
217 457
217 458
217 574
217 769
217 843
217 952
218 69
218 70
218 251
218 459
218 460
218 574
218 769
218 843
218 951
219 66
219 67
219 68
219 251
219 461
219 462
219 574
219 769
219 843
219 951
220 64
220 65
220 251
220 463
220 464
220 574
220 769
220 843
220 950
221 61
221 62
221 63
221 251
221 465
221 466
221 574
221 769
221 843
221 950
222 59
222 60
222 251
222 467
222 574
222 769
222 843
222 949
223 57
223 58
223 251
223 468
223 469
223 574
223 769
223 843
223 948
224 56
224 251
224 470
224 574
224 769
224 843
224 948
225 54
225 55
225 251
225 471
225 574
225 769
225 843
225 947
226 53
226 251
226 472
226 574
226 769
226 843
226 947
227 51
227 52
227 251
227 473
227 574
227 769
227 843
227 946
228 50
228 251
228 474
228 574
228 769
228 843
228 946
229 49
229 251
229 475
229 574
229 769
229 843
229 945
230 49
230 251
230 476
230 574
230 769
230 843
230 944
231 48
231 251
231 477
231 574
231 769
231 843
231 944
232 47
232 251
232 478
232 574
232 769
232 843
232 943
233 47
233 251
233 478
233 574
233 769
233 843
233 943
234 46
234 251
234 479
234 574
234 769
234 843
234 942
235 46
235 251
235 480
235 574
235 769
235 843
235 942
236 45
236 251
236 480
236 574
236 769
236 843
236 941
237 45
237 251
237 481
237 574
237 769
237 843
237 940
238 45
238 251
238 481
238 574
238 769
238 843
238 940
239 44
239 251
239 482
239 574
239 769
239 843
239 939
240 44
240 251
240 482
240 574
240 769
240 843
240 939
241 44
241 251
241 482
241 574
241 769
241 843
241 938
242 44
242 251
242 482
242 574
242 769
242 843
242 938
243 43
243 251
243 483
243 574
243 769
243 843
243 937
244 43
244 251
244 483
244 574
244 769
244 843
244 936
245 43
245 251
245 483
245 574
245 769
245 843
245 936
246 43
246 251
246 483
246 574
246 769
246 843
246 935
247 43
247 251
247 484
247 574
247 769
247 843
247 935
248 42
248 251
248 484
248 574
248 769
248 843
248 934
249 42
249 251
249 484
249 574
249 769
249 843
249 933
250 42
250 251
250 484
250 574
250 769
250 843
250 933
251 42
251 251
251 484
251 574
251 769
251 843
251 932
252 42
252 251
252 484
252 574
252 769
252 843
252 932
253 42
253 251
253 484
253 574
253 769
253 843
253 931
254 41
254 251
254 484
254 574
254 769
254 843
254 931
255 41
255 251
255 484
255 574
255 769
255 843
255 930
256 41
256 251
256 484
256 574
256 769
256 843
256 929
257 41
257 251
257 484
257 574
257 769
257 843
257 929
258 41
258 251
258 484
258 574
258 769
258 843
258 928
259 41
259 251
259 484
259 574
259 769
259 843
259 928
260 41
260 251
260 484
260 574
260 769
260 843
260 927
261 41
261 251
261 484
261 574
261 769
261 843
261 927
262 41
262 251
262 484
262 574
262 769
262 843
262 926
263 41
263 251
263 484
263 574
263 769
263 843
263 925
264 41
264 251
264 484
264 574
264 769
264 843
264 925
265 41
265 251
265 484
265 574
265 769
265 843
265 924
266 41
266 251
266 484
266 574
266 769
266 843
266 924
267 41
267 251
267 484
267 574
267 769
267 843
267 923
268 41
268 251
268 484
268 574
268 769
268 843
268 923
269 41
269 251
269 484
269 574
269 769
269 843
269 922
270 41
270 251
270 484
270 574
270 769
270 843
270 921
271 41
271 251
271 484
271 574
271 769
271 843
271 921
272 41
272 251
272 484
272 574
272 769
272 843
272 920
273 41
273 251
273 484
273 574
273 769
273 843
273 920
274 41
274 251
274 484
274 574
274 769
274 843
274 919
275 41
275 251
275 484
275 574
275 769
275 843
275 918
276 41
276 251
276 484
276 574
276 769
276 843
276 918
277 41
277 251
277 484
277 574
277 769
277 843
277 917
278 41
278 251
278 484
278 574
278 769
278 843
278 917
279 41
279 251
279 484
279 574
279 769
279 843
279 916
280 41
280 251
280 484
280 574
280 769
280 843
280 916
281 41
281 251
281 484
281 574
281 769
281 843
281 915
282 41
282 251
282 484
282 574
282 769
282 843
282 914
283 41
283 251
283 484
283 574
283 769
283 843
283 914
284 41
284 251
284 484
284 574
284 769
284 843
284 913
285 41
285 251
285 484
285 574
285 769
285 843
285 913
286 41
286 251
286 484
286 574
286 769
286 843
286 912
287 41
287 251
287 484
287 574
287 769
287 843
287 912
288 41
288 251
288 484
288 574
288 769
288 843
288 911
289 41
289 251
289 484
289 574
289 769
289 843
289 910
290 41
290 251
290 484
290 574
290 769
290 843
290 910
291 41
291 251
291 484
291 574
291 769
291 843
291 909
292 41
292 251
292 484
292 574
292 769
292 843
292 909
293 41
293 251
293 484
293 574
293 769
293 843
293 908
294 41
294 251
294 484
294 574
294 769
294 843
294 908
295 41
295 251
295 484
295 574
295 769
295 843
295 907
296 41
296 251
296 484
296 574
296 769
296 843
296 906
297 41
297 251
297 484
297 574
297 769
297 843
297 906
298 41
298 251
298 484
298 574
298 769
298 843
298 905
299 41
299 251
299 484
299 574
299 769
299 843
299 905
300 41
300 251
300 484
300 574
300 769
300 843
300 904
301 41
301 251
301 484
301 574
301 769
301 843
301 903
302 41
302 251
302 484
302 574
302 769
302 843
302 903
303 41
303 251
303 484
303 574
303 769
303 843
303 902
304 41
304 251
304 484
304 574
304 769
304 843
304 902
305 41
305 251
305 484
305 574
305 769
305 843
305 901
306 41
306 251
306 484
306 574
306 769
306 843
306 901
307 41
307 251
307 484
307 574
307 769
307 843
307 900
308 41
308 251
308 484
308 574
308 769
308 843
308 899
309 41
309 251
309 484
309 574
309 769
309 843
309 899
310 41
310 251
310 484
310 574
310 769
310 843
310 898
311 41
311 251
311 484
311 574
311 769
311 843
311 898
312 41
312 251
312 484
312 574
312 769
312 843
312 897
313 41
313 251
313 484
313 574
313 769
313 843
313 897
314 41
314 251
314 484
314 574
314 769
314 843
314 896
315 41
315 251
315 484
315 574
315 769
315 843
315 895
316 41
316 251
316 484
316 574
316 769
316 843
316 895
317 41
317 251
317 484
317 574
317 769
317 843
317 894
318 0
318 1
318 2
318 3
318 4
318 5
318 6
318 7
318 8
318 9
318 10
318 11
318 12
318 13
318 14
318 15
318 16
318 17
318 18
318 19
318 20
318 21
318 22
318 23
318 24
318 25
318 26
318 27
318 28
318 29
318 30
318 31
318 32
318 33
318 34
318 35
318 36
318 37
318 38
318 39
318 40
318 41
318 42
318 43
318 44
318 45
318 46
318 47
318 48
318 49
318 50
318 51
318 52
318 53
318 54
318 55
318 56
318 57
318 58
318 59
318 60
318 61
318 62
318 63
318 64
318 65
318 66
318 67
318 68
318 69
318 70
318 71
318 72
318 73
318 74
318 75
318 76
318 77
318 78
318 79
318 80
318 81
318 82
318 83
318 84
318 85
318 86
318 87
318 88
318 89
318 90
318 91
318 92
318 93
318 94
318 95
318 96
318 97
318 98
318 99
318 100
318 101
318 102
318 103
318 104
318 105
318 106
318 107
318 108
318 109
318 110
318 111
318 112
318 113
318 114
318 115
318 116
318 117
318 118
318 119
318 120
318 121
318 122
318 123
318 124
318 125
318 126
318 127
318 128
318 129
318 130
318 131
318 132
318 133
318 134
318 135
318 136
318 137
318 138
318 139
318 140
318 141
318 142
318 143
318 144
318 145
318 146
318 147
318 148
318 149
318 150
318 151
318 152
318 153
318 154
318 155
318 156
318 157
318 158
318 159
318 160
318 161
318 162
318 163
318 164
318 165
318 166
318 167
318 168
318 169
318 170
318 171
318 172
318 173
318 174
318 175
318 176
318 177
318 178
318 179
318 180
318 181
318 182
318 183
318 184
318 185
318 186
318 187
318 188
318 189
318 190
318 191
318 192
318 193
318 194
318 195
318 196
318 197
318 198
318 199
318 200
318 201
318 202
318 203
318 204
318 205
318 206
318 207
318 208
318 209
318 210
318 211
318 212
318 213
318 214
318 215
318 216
318 217
318 218
318 219
318 220
318 221
318 222
318 223
318 224
318 225
318 226
318 227
318 228
318 229
318 230
318 231
318 232
318 233
318 234
318 235
318 236
318 237
318 238
318 239
318 240
318 241
318 242
318 243
318 244
318 245
318 246
318 247
318 248
318 249
318 250
318 251
318 252
318 253
318 254
318 255
318 256
318 257
318 258
318 259
318 260
318 261
318 262
318 263
318 264
318 265
318 266
318 267
318 268
318 269
318 270
318 271
318 272
318 273
318 274
318 275
318 276
318 277
318 278
318 279
318 280
318 281
318 282
318 283
318 284
318 285
318 286
318 287
318 288
318 289
318 290
318 291
318 292
318 293
318 294
318 295
318 296
318 297
318 298
318 299
318 300
318 301
318 302
318 303
318 304
318 305
318 306
318 307
318 308
318 309
318 310
318 311
318 312
318 313
318 314
318 315
318 316
318 317
318 318
318 319
318 320
318 321
318 322
318 323
318 324
318 325
318 326
318 327
318 328
318 329
318 330
318 331
318 332
318 333
318 334
318 335
318 336
318 337
318 338
318 339
318 340
318 341
318 342
318 343
318 344
318 345
318 346
318 347
318 348
318 349
318 350
318 351
318 352
318 353
318 354
318 355
318 356
318 357
318 358
318 359
318 360
318 361
318 362
318 363
318 364
318 365
318 366
318 367
318 368
318 369
318 370
318 371
318 372
318 373
318 374
318 375
318 376
318 377
318 378
318 379
318 380
318 381
318 382
318 383
318 384
318 385
318 386
318 387
318 388
318 389
318 390
318 391
318 392
318 393
318 394
318 395
318 396
318 397
318 398
318 399
318 400
318 401
318 402
318 403
318 404
318 405
318 406
318 407
318 408
318 409
318 410
318 411
318 412
318 413
318 414
318 415
318 416
318 417
318 418
318 419
318 420
318 421
318 422
318 423
318 424
318 425
318 426
318 427
318 428
318 429
318 430
318 431
318 432
318 433
318 434
318 435
318 436
318 437
318 438
318 439
318 440
318 441
318 442
318 443
318 444
318 445
318 446
318 447
318 448
318 449
318 450
318 451
318 452
318 453
318 454
318 455
318 456
318 457
318 458
318 459
318 460
318 461
318 462
318 463
318 464
318 465
318 466
318 467
318 468
318 469
318 470
318 471
318 472
318 473
318 474
318 475
318 476
318 477
318 478
318 479
318 480
318 481
318 482
318 483
318 484
318 485
318 486
318 487
318 488
318 489
318 490
318 491
318 492
318 493
318 494
318 495
318 496
318 497
318 498
318 499
318 500
318 501
318 502
318 503
318 504
318 505
318 506
318 507
318 508
318 509
318 510
318 511
318 512
318 513
318 514
318 515
318 516
318 517
318 518
318 519
318 520
318 521
318 522
318 523
318 524
318 525
318 526
318 527
318 528
318 529
318 530
318 531
318 532
318 533
318 534
318 535
318 536
318 537
318 538
318 539
318 540
318 541
318 542
318 543
318 544
318 545
318 546
318 547
318 548
318 549
318 550
318 551
318 552
318 553
318 554
318 555
318 556
318 557
318 558
318 559
318 560
318 561
318 562
318 563
318 564
318 565
318 566
318 567
318 568
318 569
318 570
318 571
318 572
318 573
318 574
318 575
318 576
318 577
318 578
318 579
318 580
318 581
318 582
318 583
318 584
318 585
318 586
318 587
318 588
318 589
318 590
318 591
318 592
318 593
318 594
318 595
318 596
318 597
318 598
318 599
318 600
318 601
318 602
318 603
318 604
318 605
318 606
318 607
318 608
318 609
318 610
318 611
318 612
318 613
318 614
318 615
318 616
318 617
318 618
318 619
318 620
318 621
318 622
318 623
318 624
318 625
318 626
318 627
318 628
318 629
318 630
318 631
318 632
318 633
318 634
318 635
318 636
318 637
318 638
318 639
318 640
318 641
318 642
318 643
318 644
318 645
318 646
318 647
318 648
318 649
318 650
318 651
318 652
318 653
318 654
318 655
318 656
318 657
318 658
318 659
318 660
318 661
318 662
318 663
318 664
318 665
318 666
318 667
318 668
318 669
318 670
318 671
318 672
318 673
318 674
318 675
318 676
318 677
318 678
318 679
318 680
318 681
318 682
318 683
318 684
318 685
318 686
318 687
318 688
318 689
318 690
318 691
318 692
318 693
318 694
318 695
318 696
318 697
318 698
318 699
318 700
318 701
318 702
318 703
318 704
318 705
318 706
318 707
318 708
318 709
318 710
318 711
318 712
318 713
318 714
318 715
318 716
318 717
318 718
318 719
318 720
318 721
318 722
318 723
318 724
318 725
318 726
318 727
318 728
318 729
318 730
318 731
318 732
318 733
318 734
318 735
318 736
318 737
318 738
318 739
318 740
318 741
318 742
318 743
318 744
318 745
318 746
318 747
318 748
318 749
318 750
318 751
318 752
318 753
318 754
318 755
318 756
318 757
318 758
318 759
318 760
318 761
318 762
318 763
318 764
318 765
318 766
318 767
318 768
318 769
318 770
318 771
318 772
318 773
318 774
318 775
318 776
318 777
318 778
318 779
318 780
318 781
318 782
318 783
318 784
318 785
318 786
318 787
318 788
318 789
318 790
318 791
318 792
318 793
318 794
318 795
318 796
318 797
318 798
318 799
318 800
318 801
318 802
318 803
318 804
318 805
318 806
318 807
318 808
318 809
318 810
318 811
318 812
318 813
318 814
318 815
318 816
318 817
318 818
318 819
318 820
318 821
318 822
318 823
318 824
318 825
318 826
318 827
318 828
318 829
318 830
318 831
318 832
318 833
318 834
318 835
318 836
318 837
318 838
318 839
318 840
318 841
318 842
318 843
318 844
318 845
318 846
318 847
318 848
318 849
318 850
318 851
318 852
318 853
318 854
318 855
318 856
318 857
318 858
318 859
318 860
318 861
318 862
318 863
318 864
318 865
318 866
318 867
318 868
318 869
318 870
318 871
318 872
318 873
318 874
318 875
318 876
318 877
318 878
318 879
318 880
318 881
318 882
318 883
318 884
318 885
318 886
318 887
318 888
318 889
318 890
318 891
318 892
318 893
318 894
318 895
318 896
318 897
318 898
318 899
318 900
318 901
318 902
318 903
318 904
318 905
318 906
318 907
318 908
318 909
318 910
318 911
318 912
318 913
318 914
318 915
318 916
318 917
318 918
318 919
318 920
318 921
318 922
318 923
318 924
318 925
318 926
318 927
318 928
318 929
318 930
318 931
318 932
318 933
318 934
318 935
318 936
318 937
318 938
318 939
318 940
318 941
318 942
318 943
318 944
318 945
318 946
318 947
318 948
318 949
318 950
318 951
318 952
318 953
318 954
318 955
318 956
318 957
318 958
318 959
318 960
318 961
318 962
318 963
318 964
318 965
318 966
318 967
318 968
318 969
318 970
318 971
318 972
318 973
318 974
318 975
318 976
318 977
318 978
318 979
318 980
318 981
318 982
318 983
318 984
318 985
318 986
318 987
318 988
318 989
318 990
318 991
318 992
318 993
318 994
318 995
318 996
318 997
318 998
318 999
318 1000
318 1001
318 1002
318 1003
318 1004
318 1005
318 1006
318 1007
318 1008
318 1009
318 1010
318 1011
318 1012
318 1013
318 1014
318 1015
318 1016
318 1017
318 1018
318 1019
318 1020
318 1021
318 1022
318 1023
318 1024
318 1025
318 1026
318 1027
318 1028
318 1029
318 1030
318 1031
318 1032
318 1033
318 1034
318 1035
318 1036
318 1037
318 1038
318 1039
318 1040
318 1041
318 1042
318 1043
318 1044
318 1045
318 1046
318 1047
318 1048
318 1049
318 1050
318 1051
318 1052
318 1053
318 1054
318 1055
318 1056
318 1057
318 1058
318 1059
318 1060
318 1061
318 1062
318 1063
318 1064
318 1065
318 1066
318 1067
318 1068
318 1069
318 1070
318 1071
318 1072
318 1073
318 1074
318 1075
318 1076
318 1077
318 1078
318 1079
319 41
319 251
319 484
319 535
319 574
319 769
319 893
319 949
320 41
320 251
320 484
320 535
320 574
320 769
320 893
320 949
321 41
321 251
321 484
321 535
321 574
321 769
321 892
321 949
322 41
322 251
322 484
322 535
322 574
322 769
322 891
322 949
323 41
323 251
323 484
323 535
323 574
323 769
323 891
323 949
324 41
324 251
324 484
324 535
324 574
324 769
324 890
324 949
325 41
325 251
325 484
325 535
325 574
325 769
325 890
325 949
326 41
326 251
326 484
326 535
326 574
326 769
326 889
326 949
327 41
327 251
327 484
327 535
327 574
327 769
327 888
327 949
328 41
328 251
328 484
328 535
328 574
328 769
328 888
328 949
329 41
329 251
329 484
329 535
329 574
329 769
329 887
329 949
330 41
330 251
330 484
330 535
330 574
330 769
330 887
330 949
331 41
331 251
331 484
331 535
331 574
331 769
331 886
331 949
332 41
332 251
332 484
332 535
332 574
332 769
332 886
332 949
333 41
333 251
333 484
333 535
333 574
333 769
333 885
333 949
334 41
334 251
334 484
334 535
334 574
334 769
334 884
334 949
335 41
335 251
335 484
335 535
335 574
335 769
335 884
335 949
336 41
336 251
336 484
336 535
336 574
336 769
336 883
336 949
337 41
337 251
337 484
337 535
337 574
337 769
337 883
337 949
338 41
338 251
338 484
338 535
338 574
338 769
338 882
338 949
339 41
339 251
339 484
339 535
339 574
339 769
339 882
339 949
340 41
340 251
340 484
340 535
340 574
340 769
340 881
340 949
341 41
341 251
341 484
341 535
341 574
341 769
341 880
341 949
342 41
342 251
342 484
342 535
342 574
342 769
342 880
342 949
343 41
343 251
343 484
343 535
343 574
343 769
343 879
343 949
344 41
344 251
344 484
344 535
344 574
344 769
344 879
344 949
345 41
345 251
345 484
345 535
345 574
345 769
345 878
345 949
346 41
346 251
346 484
346 535
346 574
346 769
346 878
346 949
347 41
347 251
347 484
347 535
347 574
347 769
347 877
347 949
348 41
348 251
348 484
348 535
348 574
348 769
348 876
348 949
349 41
349 251
349 484
349 535
349 574
349 769
349 876
349 949
350 41
350 251
350 484
350 535
350 574
350 769
350 875
350 949
351 41
351 251
351 484
351 535
351 574
351 769
351 875
351 949
352 41
352 251
352 484
352 535
352 574
352 769
352 874
352 949
353 41
353 251
353 484
353 535
353 574
353 769
353 873
353 949
354 41
354 251
354 484
354 535
354 574
354 769
354 873
354 949
355 41
355 251
355 484
355 535
355 574
355 769
355 872
355 949
356 41
356 251
356 484
356 535
356 574
356 769
356 872
356 949
357 41
357 251
357 484
357 535
357 574
357 769
357 871
357 949
358 41
358 251
358 484
358 535
358 574
358 769
358 871
358 949
359 41
359 251
359 484
359 535
359 574
359 769
359 870
359 949
360 41
360 251
360 484
360 535
360 574
360 769
360 869
360 949
361 41
361 251
361 484
361 535
361 574
361 769
361 869
361 949
362 41
362 251
362 484
362 535
362 574
362 769
362 868
362 949
363 41
363 251
363 484
363 535
363 574
363 769
363 868
363 949
364 41
364 251
364 484
364 535
364 574
364 769
364 867
364 949
365 41
365 251
365 484
365 535
365 574
365 769
365 867
365 949
366 41
366 251
366 484
366 535
366 574
366 769
366 866
366 949
367 41
367 251
367 484
367 535
367 574
367 769
367 865
367 949
368 41
368 251
368 484
368 535
368 574
368 769
368 865
368 949
369 41
369 251
369 484
369 535
369 574
369 769
369 864
369 949
370 41
370 251
370 484
370 535
370 574
370 769
370 864
370 949
371 41
371 251
371 484
371 535
371 574
371 769
371 863
371 949
372 41
372 251
372 484
372 535
372 574
372 769
372 863
372 949
373 41
373 251
373 484
373 535
373 574
373 769
373 862
373 949
374 41
374 251
374 484
374 535
374 574
374 769
374 861
374 949
375 41
375 251
375 484
375 535
375 574
375 769
375 861
375 949
376 41
376 251
376 484
376 535
376 574
376 769
376 860
376 949
377 41
377 251
377 484
377 535
377 574
377 769
377 860
377 949
378 41
378 251
378 484
378 535
378 574
378 769
378 859
378 949
379 41
379 251
379 484
379 535
379 574
379 769
379 858
379 949
380 41
380 251
380 484
380 535
380 574
380 769
380 858
380 949
381 41
381 251
381 484
381 535
381 574
381 769
381 857
381 949
382 41
382 251
382 483
382 535
382 574
382 769
382 857
382 949
383 42
383 251
383 483
383 535
383 574
383 769
383 856
383 949
384 42
384 251
384 483
384 535
384 574
384 769
384 856
384 949
385 42
385 251
385 483
385 535
385 574
385 769
385 855
385 949
386 42
386 251
386 483
386 535
386 574
386 769
386 854
386 949
387 43
387 251
387 483
387 535
387 574
387 769
387 854
387 949
388 43
388 251
388 482
388 535
388 574
388 769
388 853
388 949
389 43
389 251
389 482
389 535
389 574
389 769
389 853
389 949
390 43
390 251
390 482
390 535
390 574
390 769
390 852
390 949
391 44
391 251
391 482
391 535
391 574
391 769
391 852
391 949
392 44
392 251
392 482
392 535
392 574
392 769
392 851
392 949
393 44
393 251
393 481
393 535
393 574
393 769
393 850
393 949
394 45
394 251
394 481
394 535
394 574
394 769
394 850
394 949
395 45
395 251
395 481
395 535
395 574
395 769
395 849
395 949
396 45
396 251
396 480
396 535
396 574
396 769
396 849
396 949
397 46
397 251
397 480
397 535
397 574
397 769
397 848
397 949
398 46
398 251
398 479
398 535
398 574
398 769
398 848
398 949
399 46
399 251
399 479
399 535
399 574
399 769
399 847
399 949
400 47
400 251
400 478
400 535
400 574
400 769
400 846
400 949
401 47
401 251
401 478
401 535
401 574
401 769
401 846
401 949
402 48
402 251
402 477
402 535
402 574
402 769
402 845
402 949
403 48
403 251
403 476
403 535
403 574
403 769
403 845
403 949
404 49
404 251
404 475
404 535
404 574
404 769
404 844
404 949
405 50
405 251
405 475
405 535
405 574
405 769
405 843
405 949
406 51
406 251
406 474
406 535
406 574
406 769
406 843
406 949
407 52
407 251
407 473
407 535
407 574
407 769
407 842
407 949
408 53
408 251
408 472
408 535
408 574
408 769
408 842
408 949
409 54
409 251
409 471
409 535
409 574
409 769
409 841
409 949
410 55
410 251
410 470
410 535
410 574
410 769
410 841
410 949
411 56
411 251
411 469
411 535
411 574
411 769
411 840
411 949
412 57
412 58
412 251
412 468
412 535
412 574
412 769
412 839
412 949
413 59
413 251
413 466
413 467
413 535
413 574
413 769
413 839
413 949
414 60
414 61
414 251
414 465
414 535
414 574
414 769
414 838
414 949
415 62
415 63
415 251
415 463
415 464
415 535
415 574
415 769
415 838
415 949
416 64
416 65
416 66
416 251
416 461
416 462
416 535
416 574
416 769
416 837
416 949
417 67
417 68
417 69
417 70
417 251
417 457
417 458
417 459
417 460
417 535
417 574
417 769
417 837
417 949
418 71
418 72
418 73
418 74
418 75
418 76
418 251
418 453
418 454
418 455
418 456
418 535
418 574
418 769
418 836
418 949
419 77
419 78
419 79
419 80
419 81
419 82
419 83
419 84
419 85
419 86
419 87
419 88
419 89
419 90
419 91
419 92
419 93
419 94
419 95
419 96
419 97
419 98
419 99
419 100
419 101
419 102
419 103
419 104
419 105
419 106
419 107
419 108
419 109
419 110
419 111
419 112
419 113
419 114
419 115
419 116
419 117
419 118
419 119
419 120
419 121
419 122
419 123
419 124
419 125
419 126
419 127
419 128
419 129
419 130
419 131
419 132
419 133
419 134
419 135
419 136
419 137
419 138
419 139
419 140
419 141
419 142
419 143
419 144
419 145
419 146
419 147
419 148
419 149
419 150
419 151
419 152
419 153
419 154
419 155
419 251
419 449
419 450
419 451
419 452
419 535
419 574
419 769
419 835
419 949
420 156
420 157
420 158
420 251
420 358
420 359
420 360
420 361
420 362
420 363
420 364
420 365
420 366
420 367
420 368
420 369
420 370
420 371
420 372
420 373
420 374
420 375
420 376
420 377
420 378
420 379
420 380
420 381
420 382
420 383
420 384
420 385
420 386
420 387
420 388
420 389
420 390
420 391
420 392
420 393
420 394
420 395
420 396
420 397
420 398
420 399
420 400
420 401
420 402
420 403
420 404
420 405
420 406
420 407
420 408
420 409
420 410
420 411
420 412
420 413
420 414
420 415
420 416
420 417
420 418
420 419
420 420
420 421
420 422
420 423
420 424
420 425
420 426
420 427
420 428
420 429
420 430
420 431
420 432
420 433
420 434
420 435
420 436
420 437
420 438
420 439
420 440
420 441
420 442
420 443
420 444
420 445
420 446
420 447
420 448
420 535
420 574
420 769
420 835
420 949
421 159
421 160
421 161
421 251
421 351
421 352
421 353
421 354
421 355
421 356
421 357
421 535
421 574
421 769
421 834
421 949
422 162
422 163
422 164
422 251
422 347
422 348
422 349
422 350
422 535
422 574
422 769
422 834
422 949
423 165
423 166
423 167
423 251
423 345
423 346
423 535
423 574
423 769
423 833
423 949
424 168
424 169
424 170
424 251
424 343
424 344
424 535
424 574
424 769
424 832
424 949
425 171
425 172
425 173
425 251
425 341
425 342
425 535
425 574
425 769
425 832
425 949
426 174
426 175
426 251
426 340
426 535
426 574
426 769
426 831
426 949
427 176
427 177
427 251
427 339
427 535
427 574
427 769
427 831
427 949
428 178
428 179
428 251
428 337
428 338
428 535
428 574
428 769
428 830
428 949
429 180
429 251
429 336
429 535
429 574
429 769
429 830
429 949
430 181
430 251
430 335
430 535
430 574
430 769
430 829
430 949
431 182
431 183
431 251
431 334
431 535
431 574
431 769
431 828
431 949
432 183
432 251
432 333
432 535
432 574
432 769
432 828
432 949
433 184
433 251
433 332
433 535
433 574
433 769
433 827
433 949
434 185
434 251
434 331
434 535
434 574
434 769
434 827
434 949
435 186
435 251
435 331
435 535
435 574
435 769
435 826
435 949
436 186
436 251
436 330
436 535
436 574
436 769
436 826
436 949
437 187
437 251
437 329
437 535
437 574
437 769
437 825
437 949
438 187
438 251
438 328
438 535
438 574
438 769
438 824
438 949
439 188
439 251
439 327
439 535
439 574
439 769
439 824
439 949
440 188
440 251
440 327
440 535
440 574
440 769
440 823
440 949
441 188
441 251
441 326
441 535
441 574
441 769
441 823
441 949
442 189
442 251
442 326
442 535
442 574
442 769
442 822
442 949
443 189
443 251
443 325
443 535
443 574
443 769
443 822
443 949
444 189
444 251
444 325
444 535
444 574
444 769
444 821
444 949
445 190
445 251
445 324
445 535
445 574
445 769
445 820
445 949
446 190
446 251
446 324
446 535
446 574
446 769
446 820
446 949
447 190
447 251
447 324
447 535
447 574
447 769
447 819
447 949
448 191
448 251
448 324
448 535
448 574
448 769
448 819
448 949
449 191
449 251
449 324
449 535
449 574
449 769
449 818
449 949
450 191
450 251
450 324
450 535
450 574
450 769
450 817
450 949
451 191
451 251
451 324
451 535
451 574
451 769
451 817
451 949
452 192
452 251
452 323
452 535
452 574
452 769
452 816
452 949
453 192
453 251
453 323
453 535
453 574
453 769
453 816
453 949
454 192
454 251
454 323
454 535
454 574
454 769
454 815
454 949
455 192
455 251
455 323
455 535
455 574
455 769
455 815
455 949
456 193
456 251
456 323
456 535
456 574
456 769
456 814
456 949
457 193
457 251
457 323
457 535
457 574
457 769
457 813
457 949
458 193
458 251
458 323
458 535
458 574
458 769
458 813
458 949
459 193
459 251
459 323
459 535
459 574
459 769
459 812
459 949
460 193
460 251
460 323
460 535
460 574
460 769
460 812
460 949
461 193
461 251
461 323
461 535
461 574
461 769
461 811
461 949
462 193
462 251
462 323
462 535
462 574
462 769
462 811
462 949
463 193
463 251
463 323
463 535
463 574
463 769
463 810
463 949
464 193
464 251
464 323
464 535
464 574
464 575
464 576
464 577
464 578
464 579
464 580
464 581
464 582
464 583
464 584
464 585
464 586
464 587
464 588
464 589
464 590
464 591
464 592
464 593
464 594
464 595
464 596
464 597
464 598
464 599
464 600
464 601
464 602
464 603
464 604
464 605
464 606
464 607
464 608
464 609
464 610
464 611
464 612
464 613
464 614
464 615
464 616
464 617
464 618
464 619
464 620
464 621
464 622
464 623
464 624
464 625
464 626
464 627
464 628
464 629
464 630
464 631
464 632
464 633
464 634
464 635
464 636
464 637
464 638
464 639
464 640
464 641
464 642
464 643
464 644
464 645
464 646
464 647
464 648
464 649
464 650
464 651
464 652
464 653
464 654
464 655
464 656
464 657
464 658
464 659
464 660
464 661
464 662
464 663
464 664
464 665
464 666
464 667
464 668
464 669
464 670
464 671
464 672
464 673
464 674
464 675
464 676
464 677
464 678
464 679
464 680
464 681
464 682
464 683
464 684
464 685
464 686
464 687
464 688
464 689
464 690
464 691
464 692
464 693
464 694
464 695
464 696
464 697
464 698
464 699
464 700
464 701
464 702
464 703
464 704
464 705
464 706
464 707
464 708
464 709
464 710
464 711
464 712
464 713
464 714
464 715
464 716
464 717
464 718
464 719
464 720
464 721
464 722
464 723
464 724
464 725
464 726
464 727
464 728
464 729
464 730
464 731
464 732
464 733
464 734
464 735
464 736
464 737
464 738
464 739
464 740
464 741
464 742
464 743
464 744
464 745
464 746
464 747
464 748
464 749
464 750
464 751
464 752
464 753
464 754
464 755
464 756
464 757
464 758
464 759
464 760
464 761
464 762
464 763
464 764
464 765
464 766
464 767
464 768
464 769
464 809
464 949
465 193
465 251
465 323
465 535
465 574
465 769
465 809
465 949
466 193
466 251
466 323
466 535
466 574
466 769
466 808
466 949
467 193
467 251
467 323
467 535
467 574
467 769
467 808
467 949
468 193
468 251
468 323
468 535
468 574
468 769
468 807
468 949
469 193
469 251
469 323
469 535
469 574
469 769
469 807
469 949
470 193
470 251
470 323
470 535
470 574
470 769
470 806
470 949
471 193
471 251
471 323
471 535
471 574
471 769
471 805
471 949
472 193
472 251
472 323
472 535
472 574
472 769
472 805
472 949
473 193
473 251
473 323
473 535
473 574
473 769
473 804
473 949
474 193
474 251
474 323
474 535
474 574
474 769
474 804
474 949
475 193
475 251
475 323
475 535
475 574
475 769
475 803
475 949
476 193
476 251
476 323
476 535
476 574
476 769
476 802
476 949
477 193
477 251
477 323
477 535
477 574
477 769
477 802
477 949
478 193
478 251
478 323
478 535
478 574
478 769
478 801
478 949
479 193
479 251
479 323
479 535
479 574
479 769
479 801
479 949
480 193
480 251
480 323
480 535
480 574
480 769
480 800
480 949
481 193
481 251
481 323
481 535
481 574
481 769
481 800
481 949
482 193
482 251
482 323
482 535
482 574
482 769
482 799
482 949
483 193
483 251
483 323
483 535
483 574
483 769
483 798
483 949
484 193
484 251
484 323
484 535
484 574
484 769
484 798
484 949
485 193
485 251
485 323
485 535
485 574
485 769
485 797
485 949
486 193
486 251
486 323
486 535
486 574
486 769
486 797
486 949
487 193
487 251
487 323
487 535
487 574
487 769
487 796
487 949
488 193
488 251
488 323
488 535
488 574
488 769
488 796
488 949
489 193
489 251
489 323
489 535
489 574
489 769
489 795
489 949
490 193
490 251
490 323
490 535
490 574
490 769
490 794
490 949
491 193
491 251
491 323
491 535
491 574
491 769
491 794
491 949
492 193
492 251
492 323
492 535
492 574
492 769
492 793
492 949
493 193
493 251
493 323
493 535
493 574
493 769
493 793
493 949
494 193
494 251
494 323
494 535
494 574
494 769
494 792
494 949
495 193
495 251
495 323
495 535
495 574
495 769
495 792
495 949
496 193
496 251
496 323
496 535
496 574
496 769
496 791
496 949
497 193
497 251
497 323
497 535
497 574
497 769
497 790
497 949
498 193
498 251
498 323
498 535
498 574
498 769
498 790
498 949
499 193
499 251
499 323
499 535
499 574
499 769
499 789
499 949
500 193
500 251
500 323
500 535
500 574
500 769
500 789
500 949
501 193
501 251
501 323
501 535
501 574
501 769
501 788
501 949
502 193
502 251
502 323
502 535
502 574
502 769
502 787
502 949
503 193
503 251
503 323
503 535
503 574
503 769
503 787
503 949
504 193
504 251
504 323
504 535
504 574
504 769
504 786
504 949
505 193
505 251
505 323
505 535
505 574
505 769
505 786
505 949
506 193
506 251
506 323
506 535
506 574
506 769
506 785
506 949
507 193
507 251
507 323
507 535
507 574
507 769
507 785
507 949
508 193
508 251
508 323
508 535
508 574
508 769
508 784
508 949
509 193
509 251
509 323
509 535
509 574
509 769
509 783
509 949
510 193
510 251
510 323
510 535
510 574
510 769
510 783
510 949
511 193
511 251
511 323
511 535
511 574
511 769
511 782
511 949
512 193
512 251
512 323
512 535
512 574
512 769
512 782
512 949
513 193
513 251
513 323
513 535
513 574
513 769
513 781
513 949
514 193
514 251
514 323
514 535
514 574
514 769
514 781
514 949
515 193
515 251
515 323
515 535
515 574
515 769
515 780
515 949
516 193
516 251
516 323
516 535
516 574
516 769
516 779
516 949
517 193
517 251
517 323
517 535
517 574
517 769
517 779
517 949
518 193
518 251
518 323
518 535
518 574
518 769
518 778
518 949
519 193
519 251
519 323
519 535
519 574
519 769
519 778
519 949
520 193
520 251
520 323
520 535
520 574
520 769
520 777
520 949
521 193
521 251
521 323
521 535
521 574
521 769
521 777
521 949
522 193
522 251
522 323
522 535
522 574
522 769
522 776
522 949
523 193
523 251
523 323
523 535
523 574
523 769
523 775
523 949
524 193
524 251
524 323
524 535
524 574
524 769
524 775
524 949
525 193
525 251
525 323
525 535
525 574
525 769
525 774
525 949
526 193
526 251
526 323
526 535
526 574
526 769
526 774
526 949
527 193
527 251
527 323
527 535
527 574
527 769
527 773
527 949
528 193
528 251
528 323
528 535
528 574
528 769
528 772
528 949
529 193
529 251
529 323
529 535
529 574
529 769
529 772
529 949
530 193
530 251
530 323
530 535
530 574
530 769
530 771
530 949
531 193
531 251
531 323
531 535
531 574
531 769
531 771
531 949
532 193
532 251
532 323
532 535
532 574
532 769
532 770
532 949
533 193
533 251
533 323
533 535
533 574
533 769
533 770
533 949
534 193
534 251
534 323
534 535
534 574
534 769
534 949
535 193
535 251
535 323
535 535
535 574
535 769
535 949
536 193
536 251
536 323
536 535
536 574
536 769
536 949
537 193
537 251
537 323
537 535
537 574
537 769
537 949
538 193
538 251
538 323
538 535
538 574
538 769
538 949
539 193
539 251
539 323
539 535
539 574
539 769
539 949
540 193
540 251
540 323
540 535
540 574
540 769
540 949
541 193
541 251
541 323
541 535
541 574
541 769
541 949
542 193
542 251
542 323
542 535
542 574
542 769
542 949
543 193
543 251
543 323
543 535
543 574
543 769
543 949
544 193
544 251
544 323
544 535
544 574
544 769
544 949
545 193
545 251
545 323
545 535
545 574
545 769
545 949
546 193
546 251
546 323
546 535
546 574
546 769
546 949
547 193
547 251
547 323
547 535
547 574
547 769
547 949
548 193
548 251
548 323
548 535
548 574
548 769
548 949
549 193
549 251
549 323
549 535
549 574
549 769
549 949
550 193
550 251
550 323
550 535
550 574
550 769
550 949
551 193
551 251
551 323
551 535
551 574
551 769
551 949
552 193
552 251
552 323
552 535
552 574
552 769
552 949
553 193
553 251
553 323
553 535
553 574
553 769
553 949
554 193
554 251
554 323
554 535
554 574
554 769
554 949
555 193
555 251
555 323
555 535
555 574
555 769
555 949
556 193
556 251
556 323
556 535
556 574
556 769
556 949
557 193
557 251
557 323
557 535
557 574
557 769
557 949
558 193
558 251
558 323
558 535
558 574
558 769
558 949
559 193
559 251
559 323
559 535
559 574
559 769
559 949
560 193
560 251
560 323
560 535
560 574
560 769
560 949
561 193
561 251
561 323
561 535
561 574
561 769
561 949
562 193
562 251
562 323
562 535
562 574
562 769
562 949
563 193
563 251
563 323
563 535
563 574
563 769
563 949
564 193
564 251
564 323
564 535
564 574
564 769
564 949
565 193
565 251
565 323
565 535
565 574
565 769
565 949
566 193
566 251
566 323
566 535
566 574
566 769
566 949
567 193
567 251
567 323
567 535
567 574
567 769
567 949
568 193
568 251
568 323
568 535
568 574
568 769
568 949
569 193
569 251
569 323
569 535
569 574
569 769
569 949
570 193
570 251
570 323
570 535
570 574
570 769
570 949
571 193
571 251
571 323
571 535
571 574
571 769
571 949
572 193
572 251
572 323
572 535
572 574
572 769
572 949
573 193
573 251
573 323
573 535
573 574
573 769
573 949
574 193
574 251
574 323
574 535
574 574
574 769
574 949
575 193
575 251
575 323
575 535
575 574
575 769
575 949
576 193
576 251
576 323
576 535
576 574
576 769
576 949
577 193
577 251
577 323
577 535
577 574
577 769
577 949
578 193
578 251
578 323
578 535
578 574
578 769
578 949
579 193
579 251
579 323
579 535
579 574
579 769
579 949
580 193
580 251
580 323
580 535
580 574
580 769
580 949
581 193
581 251
581 323
581 535
581 574
581 769
581 949
582 193
582 251
582 323
582 535
582 574
582 769
582 949
583 193
583 251
583 323
583 535
583 574
583 769
583 949
584 193
584 251
584 323
584 535
584 574
584 769
584 949
585 193
585 251
585 323
585 535
585 574
585 769
585 949
586 193
586 251
586 323
586 535
586 574
586 769
586 949
587 193
587 251
587 323
587 535
587 574
587 769
587 949
588 193
588 251
588 323
588 535
588 574
588 769
588 949
589 193
589 251
589 323
589 535
589 574
589 769
589 949
590 193
590 251
590 323
590 535
590 574
590 769
590 949
591 193
591 251
591 323
591 535
591 574
591 769
591 949
592 193
592 251
592 323
592 535
592 574
592 769
592 949
593 193
593 251
593 323
593 535
593 574
593 769
593 949
594 193
594 251
594 323
594 535
594 574
594 769
594 949
595 193
595 251
595 323
595 535
595 574
595 769
595 949
596 193
596 251
596 323
596 535
596 574
596 769
596 949
597 193
597 251
597 323
597 535
597 574
597 769
597 949
598 193
598 251
598 323
598 535
598 574
598 769
598 949
599 193
599 251
599 323
599 535
599 574
599 769
599 949
600 193
600 251
600 323
600 535
600 574
600 769
600 949
601 193
601 251
601 323
601 535
601 574
601 769
601 949
602 193
602 251
602 323
602 535
602 574
602 769
602 949
603 193
603 251
603 323
603 535
603 574
603 769
603 949
604 193
604 251
604 323
604 535
604 574
604 769
604 949
605 193
605 251
605 323
605 535
605 574
605 769
605 949
606 193
606 251
606 323
606 535
606 574
606 769
606 949
607 193
607 251
607 323
607 535
607 574
607 769
607 949
608 193
608 251
608 323
608 535
608 574
608 769
608 949
609 193
609 251
609 323
609 535
609 574
609 769
609 949
610 193
610 251
610 323
610 535
610 574
610 769
610 949
611 193
611 251
611 323
611 535
611 574
611 769
611 949
612 193
612 251
612 323
612 535
612 574
612 769
612 949
613 193
613 251
613 323
613 535
613 574
613 769
613 949
614 193
614 251
614 323
614 535
614 574
614 769
614 949
615 193
615 251
615 323
615 535
615 574
615 769
615 949
616 193
616 251
616 323
616 535
616 574
616 769
616 949
617 193
617 251
617 323
617 535
617 574
617 769
617 949
618 193
618 251
618 323
618 535
618 574
618 769
618 949
619 193
619 251
619 323
619 535
619 574
619 769
619 949
620 193
620 251
620 323
620 535
620 574
620 769
620 949
621 193
621 251
621 323
621 535
621 574
621 769
621 949
622 193
622 251
622 323
622 535
622 574
622 769
622 949
623 193
623 251
623 323
623 535
623 574
623 769
623 949
624 193
624 251
624 323
624 535
624 574
624 769
624 949
625 193
625 251
625 323
625 535
625 574
625 769
625 949
626 193
626 251
626 323
626 535
626 574
626 769
626 949
627 193
627 251
627 323
627 535
627 574
627 769
627 949
628 193
628 251
628 323
628 535
628 574
628 769
628 949
629 193
629 251
629 323
629 535
629 574
629 769
629 949
630 193
630 251
630 323
630 535
630 574
630 769
630 949
631 193
631 251
631 323
631 535
631 574
631 769
631 949
632 193
632 251
632 323
632 535
632 574
632 769
632 949
633 193
633 251
633 323
633 535
633 574
633 769
633 949
634 193
634 251
634 323
634 535
634 574
634 769
634 949
635 193
635 251
635 323
635 535
635 574
635 769
635 949
636 193
636 251
636 323
636 535
636 574
636 769
636 949
637 193
637 251
637 323
637 535
637 574
637 769
637 949
638 193
638 251
638 323
638 535
638 574
638 769
638 949
639 193
639 251
639 323
639 535
639 574
639 769
639 949
640 193
640 251
640 323
640 535
640 574
640 769
640 949
641 193
641 251
641 323
641 535
641 574
641 769
641 949
642 193
642 251
642 323
642 535
642 574
642 769
642 949
643 193
643 251
643 323
643 535
643 574
643 769
643 949
644 193
644 251
644 323
644 535
644 574
644 769
644 949
645 193
645 251
645 323
645 535
645 574
645 769
645 949
646 193
646 251
646 323
646 535
646 574
646 769
646 949
647 193
647 251
647 323
647 535
647 574
647 769
647 949
648 193
648 251
648 323
648 535
648 574
648 769
648 949
649 193
649 251
649 323
649 535
649 574
649 768
649 949
650 193
650 251
650 323
650 535
650 574
650 768
650 949
651 193
651 251
651 323
651 535
651 574
651 768
651 949
652 193
652 251
652 323
652 535
652 574
652 768
652 949
653 193
653 251
653 323
653 535
653 574
653 768
653 949
654 193
654 251
654 323
654 535
654 574
654 768
654 949
655 193
655 251
655 323
655 535
655 574
655 767
655 949
656 193
656 251
656 323
656 535
656 574
656 767
656 949
657 193
657 251
657 323
657 535
657 574
657 767
657 949
658 193
658 251
658 323
658 535
658 574
658 767
658 949
659 193
659 251
659 323
659 535
659 574
659 766
659 949
660 193
660 251
660 323
660 535
660 574
660 766
660 949
661 193
661 251
661 323
661 535
661 574
661 766
661 949
662 193
662 251
662 323
662 535
662 574
662 765
662 949
663 193
663 251
663 323
663 535
663 574
663 765
663 949
664 193
664 251
664 323
664 535
664 574
664 765
664 949
665 193
665 251
665 323
665 535
665 574
665 764
665 949
666 193
666 251
666 323
666 535
666 574
666 764
666 949
667 193
667 251
667 323
667 535
667 574
667 763
667 949
668 193
668 251
668 323
668 535
668 574
668 763
668 949
669 193
669 251
669 323
669 535
669 574
669 762
669 949
670 193
670 251
670 323
670 535
670 574
670 762
670 949
671 193
671 251
671 323
671 535
671 574
671 761
671 949
672 193
672 251
672 323
672 535
672 574
672 760
672 949
673 193
673 251
673 323
673 535
673 574
673 760
673 949
674 193
674 251
674 323
674 535
674 574
674 759
674 949
675 193
675 251
675 323
675 535
675 574
675 758
675 949
676 193
676 251
676 323
676 535
676 574
676 758
676 949
677 193
677 251
677 323
677 535
677 574
677 757
677 949
678 193
678 251
678 323
678 535
678 574
678 756
678 949
679 193
679 251
679 323
679 535
679 574
679 756
679 949
680 193
680 251
680 323
680 535
680 574
680 755
680 949
681 193
681 251
681 323
681 535
681 574
681 754
681 949
682 193
682 251
682 323
682 535
682 574
682 753
682 949
683 193
683 251
683 323
683 535
683 574
683 752
683 949
684 193
684 251
684 323
684 535
684 574
684 751
684 949
685 193
685 251
685 323
685 535
685 574
685 750
685 949
686 193
686 251
686 323
686 535
686 574
686 748
686 749
686 949
687 193
687 251
687 323
687 535
687 574
687 747
687 949
688 193
688 251
688 323
688 535
688 574
688 746
688 949
689 193
689 251
689 323
689 535
689 574
689 744
689 745
689 949
690 193
690 251
690 323
690 535
690 574
690 743
690 949
691 193
691 251
691 323
691 535
691 574
691 741
691 742
691 949
692 193
692 251
692 323
692 535
692 574
692 739
692 740
692 949
693 193
693 251
693 323
693 535
693 574
693 737
693 738
693 949
694 193
694 251
694 323
694 535
694 574
694 735
694 736
694 949
695 193
695 251
695 323
695 535
695 574
695 731
695 732
695 733
695 734
695 949
696 193
696 251
696 323
696 535
696 574
696 726
696 727
696 728
696 729
696 730
696 949
697 193
697 251
697 323
697 535
697 574
697 721
697 722
697 723
697 724
697 725
697 949
698 0
698 1
698 2
698 3
698 4
698 5
698 6
698 7
698 8
698 9
698 10
698 11
698 12
698 13
698 14
698 15
698 16
698 17
698 18
698 19
698 20
698 21
698 22
698 23
698 24
698 25
698 26
698 27
698 28
698 29
698 30
698 31
698 32
698 33
698 34
698 35
698 36
698 37
698 38
698 39
698 40
698 41
698 42
698 43
698 44
698 45
698 46
698 47
698 48
698 49
698 50
698 51
698 52
698 53
698 54
698 55
698 56
698 57
698 58
698 59
698 60
698 61
698 62
698 63
698 64
698 65
698 66
698 67
698 68
698 69
698 70
698 71
698 72
698 73
698 74
698 75
698 76
698 77
698 78
698 79
698 80
698 81
698 82
698 83
698 84
698 85
698 86
698 87
698 88
698 89
698 90
698 91
698 92
698 93
698 94
698 95
698 96
698 97
698 98
698 99
698 100
698 101
698 102
698 103
698 104
698 105
698 106
698 107
698 108
698 109
698 110
698 111
698 112
698 113
698 114
698 115
698 116
698 117
698 118
698 119
698 120
698 121
698 122
698 123
698 124
698 125
698 126
698 127
698 128
698 129
698 130
698 131
698 132
698 133
698 134
698 135
698 136
698 137
698 138
698 139
698 140
698 141
698 142
698 143
698 144
698 145
698 146
698 147
698 148
698 149
698 150
698 151
698 152
698 153
698 154
698 155
698 156
698 157
698 158
698 159
698 160
698 161
698 162
698 163
698 164
698 165
698 166
698 167
698 168
698 169
698 170
698 171
698 172
698 173
698 174
698 175
698 176
698 177
698 178
698 179
698 180
698 181
698 182
698 183
698 184
698 185
698 186
698 187
698 188
698 189
698 190
698 191
698 192
698 193
698 194
698 195
698 196
698 197
698 198
698 199
698 200
698 201
698 202
698 203
698 204
698 205
698 206
698 207
698 208
698 209
698 210
698 211
698 212
698 213
698 214
698 215
698 216
698 217
698 218
698 219
698 220
698 221
698 222
698 223
698 224
698 225
698 226
698 227
698 228
698 229
698 230
698 231
698 232
698 233
698 234
698 235
698 236
698 237
698 238
698 239
698 240
698 241
698 242
698 243
698 244
698 245
698 246
698 247
698 248
698 249
698 250
698 251
698 252
698 253
698 254
698 255
698 256
698 257
698 258
698 259
698 260
698 261
698 262
698 263
698 264
698 265
698 266
698 267
698 268
698 269
698 270
698 271
698 272
698 273
698 274
698 275
698 276
698 277
698 278
698 279
698 280
698 281
698 282
698 283
698 284
698 285
698 286
698 287
698 288
698 289
698 290
698 291
698 292
698 293
698 294
698 295
698 296
698 297
698 298
698 299
698 300
698 301
698 302
698 303
698 304
698 305
698 306
698 307
698 308
698 309
698 310
698 311
698 312
698 313
698 314
698 315
698 316
698 317
698 318
698 319
698 320
698 321
698 322
698 323
698 324
698 325
698 326
698 327
698 328
698 329
698 330
698 331
698 332
698 333
698 334
698 335
698 336
698 337
698 338
698 339
698 340
698 341
698 342
698 343
698 344
698 345
698 346
698 347
698 348
698 349
698 350
698 351
698 352
698 353
698 354
698 355
698 356
698 357
698 358
698 359
698 360
698 361
698 362
698 363
698 364
698 365
698 366
698 367
698 368
698 369
698 370
698 371
698 372
698 373
698 374
698 375
698 376
698 377
698 378
698 379
698 380
698 381
698 382
698 383
698 384
698 385
698 386
698 387
698 388
698 389
698 390
698 391
698 392
698 393
698 394
698 395
698 396
698 397
698 398
698 399
698 400
698 401
698 402
698 403
698 404
698 405
698 406
698 407
698 408
698 409
698 410
698 411
698 412
698 413
698 414
698 415
698 416
698 417
698 418
698 419
698 420
698 421
698 422
698 423
698 424
698 425
698 426
698 427
698 428
698 429
698 430
698 431
698 432
698 433
698 434
698 435
698 436
698 437
698 438
698 439
698 440
698 441
698 442
698 443
698 444
698 445
698 446
698 447
698 448
698 449
698 450
698 451
698 452
698 453
698 454
698 455
698 456
698 457
698 458
698 459
698 460
698 461
698 462
698 463
698 464
698 465
698 466
698 467
698 468
698 469
698 470
698 471
698 472
698 473
698 474
698 475
698 476
698 477
698 478
698 479
698 480
698 481
698 482
698 483
698 484
698 485
698 486
698 487
698 488
698 489
698 490
698 491
698 492
698 493
698 494
698 495
698 496
698 497
698 498
698 499
698 500
698 501
698 502
698 503
698 504
698 505
698 506
698 507
698 508
698 509
698 510
698 511
698 512
698 513
698 514
698 515
698 516
698 517
698 518
698 519
698 520
698 521
698 522
698 523
698 524
698 525
698 526
698 527
698 528
698 529
698 530
698 531
698 532
698 533
698 534
698 535
698 536
698 537
698 538
698 539
698 540
698 541
698 542
698 543
698 544
698 545
698 546
698 547
698 548
698 549
698 550
698 551
698 552
698 553
698 554
698 555
698 556
698 557
698 558
698 559
698 560
698 561
698 562
698 563
698 564
698 565
698 566
698 567
698 568
698 569
698 570
698 571
698 572
698 573
698 574
698 575
698 576
698 577
698 578
698 579
698 580
698 581
698 582
698 583
698 584
698 585
698 586
698 587
698 588
698 589
698 590
698 591
698 592
698 593
698 594
698 595
698 596
698 597
698 598
698 599
698 600
698 601
698 602
698 603
698 604
698 605
698 606
698 607
698 608
698 609
698 610
698 611
698 612
698 613
698 614
698 615
698 616
698 617
698 618
698 619
698 620
698 621
698 622
698 623
698 624
698 625
698 626
698 627
698 628
698 629
698 630
698 631
698 632
698 633
698 634
698 635
698 636
698 637
698 638
698 639
698 640
698 641
698 642
698 643
698 644
698 645
698 646
698 647
698 648
698 649
698 650
698 651
698 652
698 653
698 654
698 655
698 656
698 657
698 658
698 659
698 660
698 661
698 662
698 663
698 664
698 665
698 666
698 667
698 668
698 669
698 670
698 671
698 672
698 673
698 674
698 675
698 676
698 677
698 678
698 679
698 680
698 681
698 682
698 683
698 684
698 685
698 686
698 687
698 688
698 689
698 690
698 691
698 692
698 693
698 694
698 695
698 696
698 697
698 698
698 699
698 700
698 701
698 702
698 703
698 704
698 705
698 706
698 707
698 708
698 709
698 710
698 711
698 712
698 713
698 714
698 715
698 716
698 717
698 718
698 719
698 720
698 949
699 193
699 251
699 323
699 471
699 535
699 574
699 949
700 193
700 251
700 323
700 471
700 535
700 574
700 949
701 193
701 251
701 323
701 471
701 535
701 574
701 949
702 193
702 251
702 323
702 471
702 535
702 574
702 949
703 193
703 251
703 323
703 471
703 535
703 574
703 949
704 193
704 251
704 323
704 471
704 535
704 574
704 949
705 193
705 251
705 323
705 471
705 535
705 574
705 949
706 193
706 251
706 323
706 471
706 535
706 574
706 949
707 193
707 251
707 323
707 471
707 535
707 574
707 949
708 193
708 251
708 323
708 471
708 535
708 574
708 949
709 193
709 251
709 323
709 471
709 535
709 574
709 949
710 193
710 251
710 323
710 471
710 535
710 574
710 949
711 193
711 251
711 323
711 471
711 535
711 574
711 949
712 193
712 251
712 323
712 471
712 535
712 574
712 949
713 193
713 251
713 323
713 471
713 535
713 574
713 949
714 193
714 251
714 323
714 471
714 535
714 574
714 949
715 193
715 251
715 323
715 471
715 535
715 574
715 949
716 193
716 251
716 323
716 471
716 535
716 574
716 949
717 193
717 251
717 323
717 471
717 535
717 574
717 949
718 193
718 251
718 323
718 471
718 535
718 574
718 949
719 193
719 251
719 323
719 471
719 535
719 574
719 949
720 193
720 251
720 323
720 471
720 535
720 574
720 931
720 932
720 933
720 934
720 935
720 936
720 937
720 938
720 939
720 940
720 941
720 942
720 943
720 944
720 945
720 946
720 947
720 948
720 949
720 950
720 951
720 952
720 953
720 954
720 955
720 956
720 957
720 958
720 959
720 960
720 961
720 962
720 963
720 964
720 965
720 966
720 967
720 968
720 969
720 970
720 971
720 972
720 973
720 974
720 975
720 976
720 977
720 978
720 979
720 980
720 981
720 982
720 983
720 984
720 985
720 986
720 987
720 988
720 989
720 990
720 991
720 992
720 993
720 994
720 995
720 996
720 997
720 998
720 999
720 1000
720 1001
720 1002
720 1003
720 1004
720 1005
720 1006
720 1007
720 1008
720 1009
720 1010
720 1011
720 1012
720 1013
720 1014
720 1015
720 1016
720 1017
720 1018
720 1019
720 1020
720 1021
720 1022
720 1023
720 1024
720 1025
720 1026
720 1027
720 1028
720 1029
720 1030
720 1031
720 1032
720 1033
720 1034
720 1035
720 1036
720 1037
720 1038
720 1039
720 1040
720 1041
720 1042
720 1043
720 1044
720 1045
720 1046
720 1047
720 1048
720 1049
720 1050
720 1051
720 1052
720 1053
720 1054
720 1055
720 1056
720 1057
720 1058
720 1059
720 1060
720 1061
720 1062
720 1063
720 1064
720 1065
720 1066
720 1067
720 1068
720 1069
720 1070
720 1071
720 1072
720 1073
720 1074
720 1075
720 1076
720 1077
720 1078
720 1079
721 193
721 251
721 323
721 471
721 535
721 574
721 927
721 928
721 929
721 930
722 193
722 251
722 323
722 471
722 535
722 574
722 924
722 925
722 926
723 193
723 251
723 323
723 471
723 535
723 574
723 920
723 921
723 922
723 923
724 193
724 251
724 323
724 471
724 535
724 574
724 917
724 918
724 919
725 193
725 251
725 323
725 471
725 535
725 574
725 915
725 916
726 193
726 251
726 323
726 471
726 535
726 574
726 912
726 913
726 914
727 193
727 251
727 323
727 471
727 535
727 574
727 910
727 911
728 193
728 251
728 323
728 471
728 535
728 574
728 907
728 908
728 909
729 193
729 251
729 323
729 471
729 535
729 574
729 905
729 906
730 193
730 251
730 323
730 471
730 535
730 574
730 903
730 904
731 193
731 251
731 323
731 471
731 535
731 574
731 902
732 193
732 251
732 323
732 471
732 535
732 574
732 900
732 901
733 193
733 251
733 323
733 471
733 535
733 574
733 899
734 193
734 251
734 323
734 471
734 535
734 574
734 897
734 898
735 193
735 251
735 323
735 471
735 535
735 574
735 896
736 193
736 251
736 323
736 471
736 535
736 574
736 895
737 193
737 251
737 323
737 471
737 535
737 574
737 894
738 193
738 251
738 323
738 471
738 535
738 574
738 893
739 193
739 251
739 323
739 471
739 535
739 574
739 892
740 193
740 251
740 323
740 471
740 535
740 574
740 892
741 193
741 251
741 323
741 471
741 535
741 574
741 891
742 193
742 251
742 323
742 471
742 535
742 574
742 890
743 193
743 251
743 323
743 471
743 535
743 574
743 889
744 193
744 251
744 323
744 471
744 535
744 574
744 888
745 193
745 251
745 323
745 471
745 535
745 574
745 888
746 193
746 251
746 323
746 471
746 535
746 574
746 887
747 193
747 251
747 323
747 471
747 535
747 574
747 887
748 193
748 251
748 323
748 471
748 535
748 574
748 886
749 193
749 251
749 323
749 471
749 535
749 574
749 886
750 193
750 251
750 323
750 471
750 535
750 574
750 885
751 193
751 251
751 323
751 471
751 535
751 574
751 885
752 193
752 251
752 323
752 471
752 535
752 574
752 884
753 193
753 251
753 323
753 471
753 535
753 574
753 884
754 193
754 251
754 323
754 471
754 535
754 574
754 884
755 193
755 251
755 323
755 471
755 535
755 574
755 883
756 193
756 251
756 323
756 471
756 535
756 574
756 883
757 193
757 251
757 323
757 471
757 535
757 574
757 883
758 193
758 251
758 323
758 471
758 535
758 574
758 882
759 193
759 251
759 323
759 471
759 535
759 574
759 882
760 193
760 251
760 323
760 471
760 535
760 574
760 882
761 193
761 251
761 323
761 471
761 535
761 574
761 882
762 193
762 251
762 323
762 471
762 535
762 574
762 881
763 193
763 251
763 323
763 471
763 535
763 574
763 881
764 193
764 251
764 323
764 471
764 535
764 574
764 881
765 193
765 251
765 323
765 471
765 535
765 574
765 881
766 193
766 251
766 323
766 471
766 535
766 574
766 880
767 193
767 251
767 323
767 471
767 535
767 574
767 880
768 193
768 251
768 323
768 471
768 535
768 574
768 880
769 193
769 251
769 323
769 471
769 535
769 574
769 880
770 193
770 251
770 323
770 471
770 535
770 574
770 880
771 193
771 251
771 323
771 471
771 535
771 574
771 879
772 193
772 251
772 323
772 471
772 535
772 574
772 879
773 193
773 251
773 323
773 471
773 535
773 574
773 879
774 193
774 251
774 323
774 471
774 535
774 574
774 879
775 193
775 251
775 323
775 471
775 535
775 574
775 879
776 193
776 251
776 323
776 471
776 535
776 574
776 879
777 193
777 251
777 323
777 471
777 535
777 574
777 879
778 193
778 251
778 323
778 471
778 535
778 574
778 879
779 193
779 251
779 323
779 471
779 535
779 574
779 879
780 193
780 251
780 323
780 471
780 535
780 574
780 879
781 193
781 251
781 323
781 471
781 535
781 574
781 879
782 193
782 251
782 323
782 471
782 535
782 574
782 879
783 193
783 251
783 323
783 471
783 535
783 574
783 879
784 193
784 251
784 323
784 471
784 535
784 574
784 879
785 193
785 251
785 323
785 471
785 535
785 574
785 879
786 193
786 251
786 323
786 471
786 535
786 574
786 879
787 193
787 251
787 323
787 471
787 535
787 574
787 879
788 193
788 251
788 323
788 471
788 535
788 574
788 879
789 193
789 251
789 323
789 471
789 535
789 574
789 879
790 193
790 251
790 323
790 471
790 535
790 574
790 879
791 193
791 251
791 323
791 471
791 535
791 574
791 879
792 193
792 251
792 323
792 471
792 535
792 574
792 879
793 193
793 251
793 323
793 471
793 535
793 574
793 879
794 193
794 251
794 323
794 471
794 535
794 574
794 879
795 193
795 251
795 323
795 471
795 535
795 574
795 879
796 193
796 251
796 323
796 471
796 535
796 574
796 879
797 193
797 251
797 323
797 471
797 535
797 574
797 879
798 193
798 251
798 323
798 471
798 535
798 574
798 879
799 193
799 251
799 323
799 471
799 535
799 574
799 879
800 193
800 251
800 323
800 471
800 535
800 574
800 879
801 193
801 251
801 323
801 471
801 535
801 574
801 879
802 193
802 251
802 323
802 471
802 535
802 574
802 879
803 193
803 251
803 323
803 471
803 535
803 574
803 879
804 193
804 251
804 323
804 471
804 535
804 574
804 879
805 193
805 251
805 323
805 471
805 535
805 574
805 879
806 193
806 251
806 323
806 471
806 535
806 574
806 879
807 193
807 251
807 323
807 471
807 535
807 574
807 879
808 193
808 251
808 323
808 471
808 535
808 574
808 879
809 193
809 251
809 323
809 471
809 535
809 574
809 879
810 193
810 251
810 323
810 471
810 535
810 574
810 879
811 193
811 251
811 323
811 471
811 535
811 574
811 879
812 193
812 251
812 323
812 471
812 535
812 574
812 879
813 193
813 251
813 323
813 471
813 535
813 574
813 879
814 193
814 251
814 323
814 471
814 535
814 574
814 879
815 193
815 251
815 323
815 471
815 535
815 574
815 879
816 193
816 251
816 323
816 471
816 535
816 574
816 879
817 193
817 251
817 323
817 471
817 535
817 574
817 879
818 193
818 251
818 323
818 471
818 535
818 574
818 879
819 193
819 251
819 323
819 471
819 535
819 574
819 879
820 193
820 251
820 323
820 471
820 535
820 574
820 879
821 193
821 251
821 323
821 471
821 535
821 574
821 879
822 193
822 251
822 323
822 471
822 535
822 574
822 879
823 193
823 251
823 323
823 471
823 535
823 574
823 879
824 193
824 251
824 323
824 471
824 535
824 574
824 879
825 193
825 251
825 323
825 471
825 535
825 574
825 879
826 193
826 251
826 323
826 471
826 535
826 574
826 879
827 193
827 251
827 323
827 471
827 535
827 574
827 879
828 193
828 251
828 323
828 471
828 535
828 574
828 879
829 193
829 251
829 323
829 471
829 535
829 574
829 879
830 193
830 251
830 323
830 471
830 535
830 574
830 879
831 193
831 251
831 323
831 471
831 535
831 574
831 879
832 193
832 251
832 323
832 471
832 535
832 574
832 879
833 193
833 251
833 323
833 471
833 535
833 574
833 879
834 193
834 251
834 323
834 471
834 535
834 574
834 879
835 193
835 251
835 323
835 471
835 535
835 574
835 879
836 193
836 251
836 323
836 471
836 535
836 574
836 879
837 193
837 251
837 323
837 471
837 535
837 574
837 879
838 193
838 251
838 323
838 471
838 535
838 574
838 879
839 193
839 251
839 323
839 471
839 535
839 574
839 879
840 193
840 251
840 323
840 471
840 535
840 574
840 879
841 193
841 251
841 323
841 471
841 535
841 574
841 879
842 193
842 251
842 323
842 471
842 535
842 574
842 879
843 193
843 251
843 323
843 471
843 535
843 574
843 879
844 193
844 251
844 323
844 471
844 535
844 574
844 879
845 193
845 251
845 323
845 471
845 535
845 574
845 879
846 193
846 251
846 323
846 471
846 535
846 574
846 879
847 193
847 251
847 323
847 471
847 535
847 574
847 879
848 193
848 251
848 323
848 471
848 535
848 574
848 879
849 193
849 251
849 323
849 471
849 535
849 574
849 879
850 193
850 251
850 323
850 471
850 535
850 574
850 879
851 193
851 251
851 323
851 471
851 535
851 574
851 879
852 193
852 251
852 323
852 471
852 535
852 574
852 879
853 193
853 251
853 323
853 471
853 535
853 574
853 879
854 193
854 251
854 323
854 471
854 535
854 574
854 879
855 193
855 251
855 323
855 471
855 535
855 574
855 879
856 193
856 251
856 323
856 471
856 535
856 574
856 879
857 193
857 251
857 323
857 471
857 535
857 574
857 879
858 193
858 251
858 323
858 471
858 535
858 574
858 879
859 193
859 251
859 323
859 471
859 535
859 574
859 879
860 193
860 251
860 323
860 471
860 535
860 574
860 879
861 193
861 251
861 323
861 471
861 535
861 574
861 879
862 193
862 251
862 323
862 471
862 535
862 574
862 879
863 193
863 251
863 323
863 471
863 535
863 574
863 879
864 193
864 251
864 323
864 471
864 535
864 574
864 879
865 193
865 251
865 323
865 471
865 535
865 574
865 879
866 193
866 251
866 323
866 471
866 535
866 574
866 879
867 193
867 251
867 323
867 471
867 535
867 574
867 879
868 193
868 251
868 323
868 471
868 535
868 574
868 879
869 193
869 251
869 323
869 471
869 535
869 574
869 879
870 193
870 251
870 323
870 471
870 535
870 574
870 879
871 193
871 251
871 323
871 471
871 535
871 574
871 879
872 193
872 251
872 323
872 471
872 535
872 574
872 879
873 193
873 251
873 323
873 471
873 535
873 574
873 879
874 193
874 251
874 323
874 471
874 535
874 574
874 879
875 193
875 251
875 323
875 471
875 535
875 574
875 879
876 193
876 251
876 323
876 471
876 535
876 574
876 879
877 193
877 251
877 323
877 471
877 535
877 574
877 879
878 193
878 251
878 323
878 471
878 535
878 574
878 879
879 193
879 251
879 323
879 471
879 535
879 574
879 879
880 193
880 251
880 323
880 471
880 535
880 574
880 879
881 193
881 251
881 323
881 471
881 535
881 574
881 879
882 193
882 251
882 323
882 471
882 535
882 574
882 879
883 193
883 251
883 323
883 471
883 535
883 574
883 879
884 193
884 251
884 323
884 471
884 535
884 574
884 879
885 193
885 251
885 323
885 471
885 535
885 574
885 879
886 193
886 251
886 323
886 471
886 535
886 574
886 879
887 193
887 251
887 323
887 471
887 535
887 574
887 879
888 193
888 251
888 323
888 471
888 535
888 574
888 879
889 193
889 251
889 323
889 471
889 535
889 574
889 879
890 193
890 251
890 323
890 471
890 535
890 574
890 879
891 193
891 251
891 323
891 471
891 535
891 574
891 879
892 193
892 251
892 323
892 471
892 535
892 574
892 879
893 193
893 251
893 323
893 471
893 535
893 574
893 879
894 193
894 251
894 323
894 471
894 535
894 574
894 879
895 193
895 251
895 323
895 471
895 535
895 574
895 879
896 193
896 251
896 323
896 471
896 535
896 574
896 879
897 193
897 251
897 323
897 471
897 535
897 574
897 879
898 193
898 251
898 323
898 471
898 535
898 574
898 879
899 193
899 251
899 323
899 471
899 535
899 574
899 879
900 193
900 251
900 323
900 471
900 535
900 574
900 879
901 193
901 251
901 323
901 471
901 535
901 574
901 879
902 193
902 251
902 323
902 471
902 535
902 574
902 879
903 193
903 251
903 323
903 471
903 535
903 574
903 879
904 193
904 251
904 323
904 471
904 535
904 574
904 879
905 193
905 251
905 323
905 471
905 535
905 574
905 879
906 193
906 251
906 323
906 471
906 535
906 574
906 879
907 193
907 251
907 323
907 471
907 535
907 574
907 879
908 193
908 251
908 323
908 471
908 535
908 574
908 879
909 193
909 251
909 323
909 471
909 535
909 574
909 879
910 193
910 251
910 323
910 471
910 535
910 574
910 879
911 193
911 251
911 323
911 471
911 535
911 574
911 879
912 193
912 251
912 323
912 471
912 535
912 574
912 879
913 193
913 251
913 323
913 471
913 535
913 574
913 879
914 193
914 251
914 323
914 471
914 535
914 574
914 879
915 193
915 251
915 323
915 471
915 535
915 574
915 879
916 193
916 251
916 323
916 471
916 535
916 574
916 879
917 193
917 251
917 323
917 471
917 535
917 574
917 879
918 193
918 251
918 323
918 471
918 535
918 574
918 879
919 193
919 251
919 323
919 471
919 535
919 574
919 879
920 193
920 251
920 323
920 471
920 535
920 574
920 879
921 193
921 251
921 323
921 471
921 535
921 574
921 879
922 193
922 251
922 323
922 471
922 535
922 574
922 879
923 193
923 251
923 323
923 471
923 535
923 574
923 879
924 193
924 251
924 323
924 471
924 535
924 574
924 879
925 193
925 251
925 323
925 471
925 535
925 574
925 879
926 193
926 251
926 323
926 471
926 535
926 574
926 879
927 193
927 251
927 323
927 471
927 535
927 574
927 879
928 193
928 251
928 323
928 471
928 535
928 574
928 879
929 193
929 251
929 323
929 464
929 465
929 466
929 467
929 468
929 469
929 470
929 471
929 472
929 473
929 474
929 475
929 535
929 574
929 879
930 193
930 251
930 323
930 459
930 460
930 461
930 462
930 463
930 476
930 477
930 478
930 479
930 480
930 535
930 574
930 879
931 193
931 251
931 323
931 457
931 458
931 481
931 482
931 483
931 484
931 535
931 574
931 879
932 193
932 251
932 323
932 454
932 455
932 456
932 485
932 486
932 535
932 574
932 879
933 193
933 251
933 323
933 452
933 453
933 487
933 488
933 489
933 535
933 574
933 879
934 193
934 251
934 323
934 450
934 451
934 490
934 535
934 574
934 879
935 193
935 251
935 323
935 448
935 449
935 491
935 492
935 535
935 574
935 879
936 193
936 251
936 323
936 446
936 447
936 493
936 494
936 535
936 574
936 879
937 193
937 251
937 323
937 445
937 495
937 496
937 535
937 574
937 879
938 193
938 251
938 323
938 443
938 444
938 497
938 498
938 535
938 574
938 879
939 193
939 251
939 323
939 442
939 499
939 535
939 574
939 879
940 193
940 251
940 323
940 441
940 499
940 535
940 574
940 879
941 193
941 251
941 323
941 440
941 500
941 535
941 574
941 879
942 193
942 251
942 323
942 439
942 501
942 535
942 574
942 879
943 193
943 251
943 323
943 438
943 502
943 535
943 574
943 879
944 193
944 251
944 323
944 437
944 502
944 535
944 574
944 879
945 193
945 251
945 323
945 437
945 503
945 535
945 574
945 879
946 193
946 251
946 323
946 436
946 504
946 535
946 574
946 879
947 193
947 251
947 323
947 435
947 504
947 535
947 574
947 879
948 193
948 251
948 323
948 434
948 505
948 535
948 574
948 879
949 193
949 251
949 323
949 434
949 506
949 535
949 574
949 879
950 193
950 251
950 323
950 433
950 506
950 535
950 574
950 879
951 193
951 251
951 323
951 432
951 507
951 535
951 574
951 879
952 193
952 251
952 323
952 432
952 508
952 535
952 574
952 879
953 193
953 251
953 323
953 431
953 508
953 535
953 574
953 879
954 193
954 251
954 323
954 431
954 509
954 535
954 574
954 879
955 193
955 251
955 323
955 431
955 509
955 535
955 574
955 879
956 193
956 251
956 323
956 430
956 510
956 535
956 574
956 879
957 193
957 251
957 323
957 430
957 510
957 535
957 574
957 879
958 193
958 251
958 323
958 430
958 511
958 535
958 574
958 879
959 193
959 251
959 323
959 430
959 511
959 535
959 574
959 879
960 193
960 251
960 323
960 429
960 511
960 535
960 574
960 879
961 193
961 251
961 323
961 429
961 511
961 535
961 574
961 879
962 193
962 251
962 323
962 429
962 512
962 535
962 574
962 879
963 193
963 251
963 323
963 428
963 512
963 535
963 574
963 879
964 193
964 251
964 323
964 428
964 512
964 535
964 574
964 879
965 193
965 251
965 323
965 428
965 512
965 535
965 574
965 879
966 193
966 251
966 323
966 428
966 512
966 535
966 574
966 879
967 193
967 251
967 323
967 427
967 512
967 535
967 574
967 879
968 193
968 251
968 323
968 427
968 513
968 535
968 574
968 879
969 193
969 251
969 323
969 427
969 513
969 535
969 574
969 879
970 193
970 251
970 323
970 427
970 513
970 535
970 574
970 879
971 193
971 251
971 323
971 427
971 513
971 535
971 574
971 879
972 193
972 251
972 323
972 427
972 513
972 514
972 515
972 516
972 517
972 518
972 519
972 520
972 521
972 522
972 523
972 524
972 525
972 526
972 527
972 528
972 529
972 530
972 531
972 532
972 533
972 534
972 535
972 536
972 537
972 538
972 539
972 540
972 541
972 542
972 543
972 544
972 545
972 546
972 547
972 548
972 549
972 550
972 551
972 552
972 553
972 554
972 555
972 556
972 557
972 558
972 559
972 560
972 561
972 562
972 563
972 564
972 565
972 566
972 567
972 568
972 569
972 570
972 571
972 572
972 573
972 574
972 575
972 576
972 577
972 578
972 579
972 580
972 581
972 582
972 583
972 584
972 585
972 586
972 587
972 588
972 589
972 590
972 591
972 592
972 593
972 594
972 595
972 596
972 597
972 598
972 599
972 600
972 601
972 602
972 603
972 604
972 605
972 606
972 607
972 608
972 609
972 610
972 611
972 612
972 613
972 614
972 615
972 616
972 617
972 618
972 619
972 620
972 621
972 622
972 623
972 624
972 625
972 626
972 627
972 628
972 629
972 630
972 631
972 632
972 633
972 634
972 635
972 636
972 637
972 638
972 639
972 640
972 641
972 642
972 643
972 644
972 645
972 646
972 647
972 648
972 649
972 650
972 651
972 652
972 653
972 654
972 655
972 656
972 657
972 658
972 659
972 660
972 661
972 662
972 663
972 664
972 665
972 666
972 667
972 668
972 669
972 670
972 671
972 672
972 673
972 674
972 675
972 676
972 677
972 678
972 679
972 680
972 681
972 682
972 683
972 684
972 685
972 686
972 687
972 688
972 689
972 690
972 691
972 692
972 693
972 694
972 695
972 696
972 697
972 698
972 699
972 700
972 701
972 702
972 703
972 704
972 705
972 706
972 707
972 708
972 709
972 710
972 711
972 712
972 713
972 714
972 715
972 716
972 717
972 718
972 719
972 720
972 721
972 722
972 723
972 724
972 725
972 726
972 727
972 728
972 729
972 730
972 731
972 732
972 733
972 734
972 735
972 736
972 737
972 738
972 739
972 740
972 741
972 742
972 743
972 744
972 745
972 746
972 747
972 748
972 749
972 750
972 751
972 752
972 753
972 754
972 755
972 756
972 757
972 758
972 759
972 760
972 761
972 762
972 763
972 764
972 765
972 766
972 767
972 768
972 769
972 770
972 771
972 772
972 773
972 774
972 775
972 776
972 777
972 778
972 779
972 780
972 781
972 782
972 783
972 784
972 785
972 786
972 787
972 788
972 789
972 790
972 791
972 792
972 793
972 794
972 795
972 796
972 797
972 798
972 799
972 800
972 801
972 802
972 803
972 804
972 805
972 806
972 807
972 808
972 809
972 810
972 811
972 812
972 813
972 814
972 815
972 816
972 817
972 818
972 819
972 820
972 821
972 822
972 823
972 824
972 825
972 826
972 827
972 828
972 829
972 830
972 831
972 832
972 833
972 834
972 835
972 836
972 837
972 838
972 839
972 840
972 841
972 842
972 843
972 844
972 845
972 846
972 847
972 848
972 849
972 850
972 851
972 852
972 853
972 854
972 855
972 856
972 857
972 858
972 859
972 860
972 861
972 862
972 863
972 864
972 865
972 866
972 867
972 868
972 869
972 870
972 871
972 872
972 873
972 874
972 875
972 876
972 877
972 878
972 879
972 880
972 881
972 882
972 883
972 884
972 885
972 886
972 887
972 888
972 889
972 890
972 891
972 892
972 893
972 894
972 895
972 896
972 897
972 898
972 899
972 900
972 901
972 902
972 903
972 904
972 905
972 906
972 907
972 908
972 909
972 910
972 911
972 912
972 913
972 914
972 915
972 916
972 917
972 918
972 919
972 920
972 921
972 922
972 923
972 924
972 925
972 926
972 927
972 928
972 929
972 930
972 931
972 932
972 933
972 934
972 935
972 936
972 937
972 938
972 939
972 940
972 941
972 942
972 943
972 944
972 945
972 946
972 947
972 948
972 949
972 950
972 951
972 952
972 953
972 954
972 955
972 956
972 957
972 958
972 959
972 960
972 961
972 962
972 963
972 964
972 965
972 966
972 967
972 968
972 969
972 970
972 971
972 972
972 973
972 974
972 975
972 976
972 977
972 978
972 979
972 980
972 981
972 982
972 983
972 984
972 985
972 986
972 987
972 988
972 989
972 990
972 991
972 992
972 993
972 994
972 995
972 996
972 997
972 998
972 999
972 1000
972 1001
972 1002
972 1003
972 1004
972 1005
972 1006
972 1007
972 1008
972 1009
972 1010
972 1011
972 1012
972 1013
972 1014
972 1015
972 1016
972 1017
972 1018
972 1019
972 1020
972 1021
972 1022
972 1023
972 1024
972 1025
972 1026
972 1027
972 1028
972 1029
972 1030
972 1031
972 1032
972 1033
972 1034
972 1035
972 1036
972 1037
972 1038
972 1039
972 1040
972 1041
972 1042
972 1043
972 1044
972 1045
972 1046
972 1047
972 1048
972 1049
972 1050
972 1051
972 1052
972 1053
972 1054
972 1055
972 1056
972 1057
972 1058
972 1059
972 1060
972 1061
972 1062
972 1063
972 1064
972 1065
972 1066
972 1067
972 1068
972 1069
972 1070
972 1071
972 1072
972 1073
972 1074
972 1075
972 1076
972 1077
972 1078
972 1079
973 193
973 251
973 278
973 279
973 280
973 281
973 282
973 283
973 284
973 285
973 286
973 287
973 288
973 289
973 290
973 291
973 292
973 293
973 294
973 295
973 296
973 297
973 298
973 299
973 300
973 301
973 302
973 303
973 304
973 305
973 306
973 307
973 308
973 309
973 310
973 311
973 312
973 313
973 314
973 315
973 316
973 317
973 318
973 319
973 320
973 321
973 322
973 323
973 324
973 325
973 326
973 327
973 328
973 329
973 330
973 331
973 332
973 333
973 334
973 335
973 336
973 337
973 338
973 339
973 340
973 341
973 342
973 343
973 344
973 345
973 346
973 347
973 348
973 349
973 350
973 351
973 352
973 353
973 354
973 355
973 356
973 357
973 358
973 359
973 360
973 361
973 362
973 363
973 364
973 365
973 366
973 367
973 368
973 369
973 370
973 371
973 372
973 373
973 374
973 375
973 376
973 377
973 378
973 379
973 380
973 381
973 382
973 383
973 384
973 385
973 386
973 387
973 388
973 389
973 390
973 391
973 392
973 393
973 394
973 395
973 396
973 397
973 398
973 399
973 400
973 401
973 402
973 403
973 404
973 405
973 406
973 407
973 408
973 409
973 410
973 411
973 412
973 413
973 414
973 415
973 416
973 417
973 418
973 419
973 420
973 421
973 422
973 423
973 424
973 425
973 426
973 427
973 513
973 535
973 691
973 879
974 193
974 251
974 272
974 273
974 274
974 275
974 276
974 277
974 323
974 427
974 513
974 535
974 691
974 879
975 193
975 251
975 268
975 269
975 270
975 271
975 323
975 427
975 513
975 535
975 691
975 879
976 193
976 251
976 264
976 265
976 266
976 267
976 323
976 427
976 512
976 535
976 691
976 879
977 193
977 251
977 262
977 263
977 323
977 427
977 512
977 535
977 691
977 879
978 193
978 251
978 260
978 261
978 323
978 427
978 512
978 535
978 691
978 879
979 193
979 251
979 259
979 323
979 428
979 512
979 535
979 691
979 879
980 193
980 251
980 257
980 258
980 323
980 428
980 512
980 535
980 691
980 879
981 193
981 251
981 256
981 323
981 428
981 512
981 535
981 691
981 879
982 193
982 251
982 255
982 323
982 428
982 511
982 535
982 691
982 879
983 193
983 251
983 254
983 323
983 428
983 511
983 535
983 691
983 879
984 193
984 251
984 252
984 253
984 323
984 429
984 511
984 535
984 691
984 879
985 193
985 251
985 323
985 429
985 511
985 535
985 691
985 879
986 193
986 250
986 251
986 323
986 429
986 510
986 535
986 691
986 879
987 193
987 249
987 251
987 323
987 429
987 510
987 535
987 691
987 879
988 193
988 249
988 251
988 323
988 430
988 510
988 535
988 691
988 879
989 193
989 248
989 251
989 323
989 430
989 509
989 535
989 691
989 879
990 193
990 248
990 251
990 323
990 430
990 509
990 535
990 691
990 879
991 193
991 247
991 251
991 323
991 431
991 509
991 535
991 691
991 879
992 193
992 246
992 251
992 323
992 431
992 508
992 535
992 691
992 879
993 193
993 246
993 251
993 323
993 432
993 508
993 535
993 691
993 879
994 193
994 245
994 251
994 323
994 432
994 507
994 535
994 691
994 879
995 193
995 245
995 251
995 323
995 433
995 506
995 535
995 691
995 879
996 193
996 244
996 251
996 323
996 433
996 506
996 535
996 691
996 879
997 193
997 244
997 251
997 323
997 434
997 505
997 535
997 691
997 879
998 193
998 243
998 251
998 323
998 435
998 504
998 535
998 691
998 879
999 193
999 243
999 251
999 323
999 435
999 503
999 535
999 691
999 879
1000 193
1000 243
1000 251
1000 323
1000 436
1000 502
1000 535
1000 691
1000 879
1001 193
1001 242
1001 251
1001 323
1001 437
1001 502
1001 535
1001 691
1001 879
1002 193
1002 242
1002 251
1002 323
1002 438
1002 501
1002 535
1002 691
1002 879
1003 193
1003 242
1003 251
1003 323
1003 439
1003 500
1003 535
1003 691
1003 879
1004 192
1004 242
1004 251
1004 323
1004 440
1004 499
1004 535
1004 691
1004 879
1005 192
1005 241
1005 251
1005 323
1005 441
1005 498
1005 535
1005 691
1005 879
1006 192
1006 241
1006 251
1006 323
1006 442
1006 496
1006 497
1006 535
1006 691
1006 879
1007 192
1007 241
1007 251
1007 323
1007 443
1007 495
1007 535
1007 691
1007 879
1008 192
1008 241
1008 251
1008 323
1008 444
1008 445
1008 494
1008 535
1008 691
1008 879
1009 192
1009 241
1009 251
1009 323
1009 446
1009 447
1009 492
1009 493
1009 535
1009 691
1009 879
1010 192
1010 241
1010 251
1010 323
1010 448
1010 449
1010 491
1010 535
1010 691
1010 879
1011 191
1011 241
1011 251
1011 323
1011 450
1011 451
1011 489
1011 490
1011 535
1011 691
1011 879
1012 191
1012 241
1012 251
1012 323
1012 452
1012 453
1012 487
1012 488
1012 535
1012 691
1012 879
1013 191
1013 241
1013 251
1013 323
1013 454
1013 455
1013 485
1013 486
1013 535
1013 691
1013 879
1014 191
1014 241
1014 251
1014 323
1014 456
1014 457
1014 458
1014 481
1014 482
1014 483
1014 484
1014 535
1014 691
1014 879
1015 191
1015 241
1015 251
1015 323
1015 459
1015 460
1015 461
1015 462
1015 463
1015 464
1015 475
1015 476
1015 477
1015 478
1015 479
1015 480
1015 535
1015 691
1015 879
1016 190
1016 241
1016 251
1016 323
1016 465
1016 466
1016 467
1016 468
1016 469
1016 470
1016 471
1016 472
1016 473
1016 474
1016 535
1016 691
1016 879
1017 190
1017 241
1017 251
1017 323
1017 471
1017 535
1017 691
1017 879
1018 190
1018 241
1018 251
1018 322
1018 471
1018 535
1018 691
1018 879
1019 189
1019 241
1019 251
1019 322
1019 471
1019 535
1019 691
1019 879
1020 189
1020 241
1020 251
1020 322
1020 471
1020 535
1020 691
1020 879
1021 189
1021 241
1021 251
1021 322
1021 471
1021 535
1021 691
1021 879
1022 188
1022 242
1022 251
1022 322
1022 471
1022 535
1022 691
1022 879
1023 188
1023 242
1023 251
1023 322
1023 471
1023 535
1023 691
1023 879
1024 187
1024 242
1024 251
1024 321
1024 471
1024 535
1024 691
1024 879
1025 186
1025 242
1025 251
1025 321
1025 471
1025 535
1025 691
1025 879
1026 186
1026 243
1026 251
1026 321
1026 471
1026 535
1026 691
1026 879
1027 185
1027 243
1027 251
1027 321
1027 471
1027 535
1027 691
1027 879
1028 184
1028 243
1028 251
1028 321
1028 471
1028 535
1028 691
1028 879
1029 184
1029 244
1029 251
1029 320
1029 471
1029 535
1029 691
1029 879
1030 183
1030 244
1030 251
1030 320
1030 471
1030 535
1030 691
1030 879
1031 182
1031 244
1031 251
1031 320
1031 471
1031 535
1031 691
1031 879
1032 181
1032 245
1032 251
1032 319
1032 471
1032 535
1032 691
1032 879
1033 181
1033 245
1033 251
1033 319
1033 471
1033 535
1033 691
1033 879
1034 180
1034 245
1034 251
1034 318
1034 471
1034 535
1034 691
1034 879
1035 179
1035 246
1035 251
1035 318
1035 471
1035 535
1035 691
1035 879
1036 178
1036 247
1036 251
1036 317
1036 471
1036 535
1036 691
1036 879
1037 177
1037 247
1037 251
1037 316
1037 471
1037 535
1037 691
1037 879
1038 176
1038 248
1038 251
1038 316
1038 471
1038 535
1038 691
1038 879
1039 175
1039 249
1039 251
1039 315
1039 471
1039 535
1039 691
1039 879
1040 174
1040 250
1040 251
1040 314
1040 471
1040 535
1040 691
1040 879
1041 173
1041 251
1041 313
1041 471
1041 535
1041 691
1041 879
1042 172
1042 251
1042 252
1042 312
1042 471
1042 535
1042 691
1042 879
1043 171
1043 251
1043 253
1043 311
1043 471
1043 535
1043 691
1043 879
1044 170
1044 251
1044 254
1044 310
1044 471
1044 535
1044 691
1044 879
1045 169
1045 251
1045 255
1045 308
1045 309
1045 471
1045 535
1045 691
1045 879
1046 168
1046 251
1046 256
1046 306
1046 307
1046 471
1046 535
1046 691
1046 879
1047 167
1047 251
1047 257
1047 305
1047 471
1047 535
1047 691
1047 879
1048 166
1048 251
1048 258
1048 259
1048 303
1048 304
1048 471
1048 535
1048 691
1048 879
1049 165
1049 251
1049 260
1049 261
1049 301
1049 302
1049 471
1049 535
1049 691
1049 879
1050 164
1050 251
1050 262
1050 263
1050 264
1050 299
1050 300
1050 471
1050 535
1050 691
1050 879
1051 163
1051 251
1051 265
1051 266
1051 267
1051 297
1051 298
1051 471
1051 535
1051 691
1051 879
1052 162
1052 251
1052 268
1052 269
1052 270
1052 294
1052 295
1052 296
1052 471
1052 535
1052 691
1052 879
1053 161
1053 251
1053 271
1053 272
1053 273
1053 274
1053 288
1053 289
1053 290
1053 291
1053 292
1053 293
1053 471
1053 535
1053 691
1053 879
1054 160
1054 251
1054 275
1054 276
1054 277
1054 278
1054 279
1054 280
1054 281
1054 282
1054 283
1054 284
1054 285
1054 286
1054 287
1054 471
1054 535
1054 691
1054 879
1055 159
1055 251
1055 471
1055 535
1055 691
1055 879
1056 158
1056 251
1056 471
1056 535
1056 691
1056 879
1057 157
1057 251
1057 471
1057 535
1057 691
1057 879
1058 156
1058 251
1058 471
1058 535
1058 691
1058 879
1059 155
1059 251
1059 471
1059 535
1059 691
1059 879
1060 154
1060 251
1060 471
1060 535
1060 691
1060 879
1061 153
1061 251
1061 471
1061 535
1061 691
1061 879
1062 152
1062 251
1062 471
1062 535
1062 691
1062 879
1063 151
1063 251
1063 471
1063 535
1063 691
1063 879
1064 150
1064 251
1064 471
1064 535
1064 691
1064 879
1065 149
1065 251
1065 471
1065 535
1065 691
1065 879
1066 148
1066 251
1066 471
1066 535
1066 691
1066 879
1067 147
1067 251
1067 471
1067 535
1067 691
1067 879
1068 146
1068 251
1068 471
1068 535
1068 691
1068 879
1069 145
1069 251
1069 471
1069 535
1069 691
1069 879
1070 144
1070 251
1070 471
1070 535
1070 691
1070 879
1071 143
1071 251
1071 471
1071 535
1071 691
1071 879
1072 142
1072 251
1072 471
1072 535
1072 691
1072 879
1073 141
1073 251
1073 471
1073 535
1073 691
1073 879
1074 140
1074 251
1074 471
1074 535
1074 691
1074 879
1075 139
1075 251
1075 471
1075 535
1075 691
1075 879
1076 138
1076 251
1076 471
1076 535
1076 691
1076 879
1077 137
1077 251
1077 471
1077 535
1077 691
1077 879
1078 136
1078 251
1078 471
1078 535
1078 691
1078 879
1079 135
1079 251
1079 471
1079 535
1079 691
1079 879
1080 134
1080 251
1080 471
1080 535
1080 691
1080 879
1081 133
1081 251
1081 471
1081 535
1081 691
1081 879
1082 132
1082 251
1082 471
1082 535
1082 691
1082 879
1083 131
1083 251
1083 471
1083 535
1083 691
1083 879
1084 130
1084 251
1084 471
1084 535
1084 691
1084 879
1085 129
1085 251
1085 471
1085 535
1085 691
1085 879
1086 128
1086 251
1086 471
1086 535
1086 691
1086 879
1087 127
1087 251
1087 471
1087 535
1087 691
1087 879
1088 126
1088 251
1088 471
1088 535
1088 691
1088 879
1089 125
1089 251
1089 471
1089 535
1089 691
1089 879
1090 124
1090 251
1090 471
1090 535
1090 691
1090 879
1091 123
1091 251
1091 471
1091 535
1091 691
1091 879
1092 122
1092 251
1092 471
1092 535
1092 691
1092 879
1093 121
1093 251
1093 471
1093 535
1093 691
1093 879
1094 120
1094 251
1094 471
1094 535
1094 691
1094 879
1095 119
1095 251
1095 471
1095 535
1095 691
1095 879
1096 118
1096 251
1096 471
1096 535
1096 691
1096 879
1097 117
1097 251
1097 471
1097 535
1097 691
1097 879
1098 116
1098 251
1098 471
1098 535
1098 691
1098 879
1099 115
1099 251
1099 471
1099 535
1099 691
1099 879
1100 114
1100 251
1100 471
1100 535
1100 691
1100 879
1101 113
1101 251
1101 471
1101 535
1101 691
1101 879
1102 112
1102 251
1102 471
1102 535
1102 691
1102 879
1103 111
1103 251
1103 471
1103 535
1103 691
1103 879
1104 110
1104 251
1104 471
1104 535
1104 691
1104 879
1105 109
1105 251
1105 471
1105 535
1105 691
1105 879
1106 108
1106 251
1106 471
1106 535
1106 691
1106 879
1107 107
1107 251
1107 471
1107 535
1107 691
1107 879
1108 106
1108 251
1108 471
1108 535
1108 691
1108 879
1109 105
1109 251
1109 471
1109 535
1109 691
1109 879
1110 104
1110 251
1110 471
1110 535
1110 691
1110 879
1111 103
1111 251
1111 471
1111 535
1111 691
1111 879
1112 102
1112 251
1112 471
1112 535
1112 691
1112 879
1113 101
1113 251
1113 471
1113 535
1113 691
1113 879
1114 100
1114 251
1114 471
1114 535
1114 691
1114 879
1115 99
1115 251
1115 471
1115 535
1115 691
1115 879
1116 98
1116 251
1116 471
1116 535
1116 691
1116 879
1117 97
1117 251
1117 471
1117 535
1117 691
1117 879
1118 96
1118 251
1118 471
1118 535
1118 691
1118 879
1119 95
1119 251
1119 471
1119 535
1119 691
1119 879
1120 94
1120 251
1120 471
1120 535
1120 691
1120 879
1121 93
1121 251
1121 471
1121 535
1121 691
1121 879
1122 92
1122 251
1122 471
1122 535
1122 691
1122 879
1123 91
1123 251
1123 471
1123 535
1123 691
1123 879
1124 90
1124 251
1124 471
1124 535
1124 691
1124 879
1125 89
1125 251
1125 471
1125 535
1125 691
1125 879
1126 88
1126 251
1126 471
1126 535
1126 691
1126 879
1127 87
1127 251
1127 471
1127 535
1127 691
1127 879
1128 86
1128 251
1128 471
1128 535
1128 691
1128 879
1129 85
1129 251
1129 471
1129 535
1129 691
1129 879
1130 84
1130 251
1130 471
1130 535
1130 691
1130 879
1131 83
1131 251
1131 471
1131 535
1131 691
1131 879
1132 82
1132 251
1132 471
1132 535
1132 691
1132 879
1133 81
1133 251
1133 471
1133 535
1133 691
1133 879
1134 80
1134 251
1134 471
1134 535
1134 691
1134 879
1135 79
1135 251
1135 471
1135 535
1135 691
1135 879
1136 78
1136 251
1136 471
1136 535
1136 691
1136 879
1137 77
1137 251
1137 471
1137 535
1137 691
1137 879
1138 76
1138 251
1138 471
1138 535
1138 691
1138 879
1139 75
1139 251
1139 471
1139 535
1139 691
1139 879
1140 74
1140 251
1140 471
1140 535
1140 691
1140 879
1141 73
1141 251
1141 471
1141 535
1141 691
1141 879
1142 72
1142 251
1142 471
1142 535
1142 691
1142 879
1143 71
1143 251
1143 471
1143 535
1143 691
1143 879
1144 70
1144 251
1144 471
1144 535
1144 691
1144 879
1145 69
1145 251
1145 471
1145 535
1145 691
1145 879
1146 68
1146 251
1146 471
1146 535
1146 691
1146 879
1147 67
1147 251
1147 471
1147 535
1147 691
1147 879
1148 66
1148 251
1148 471
1148 535
1148 691
1148 879
1149 65
1149 251
1149 471
1149 535
1149 691
1149 879
1150 64
1150 251
1150 471
1150 535
1150 691
1150 879
1151 63
1151 251
1151 471
1151 535
1151 691
1151 879
1152 62
1152 251
1152 471
1152 535
1152 691
1152 879
1153 61
1153 251
1153 471
1153 535
1153 691
1153 879
1154 60
1154 251
1154 471
1154 535
1154 691
1154 879
1155 59
1155 251
1155 471
1155 535
1155 691
1155 879
1156 58
1156 251
1156 471
1156 535
1156 691
1156 879
1157 57
1157 251
1157 471
1157 535
1157 691
1157 879
1158 56
1158 251
1158 471
1158 535
1158 691
1158 879
1159 55
1159 251
1159 471
1159 535
1159 691
1159 879
1160 54
1160 251
1160 471
1160 535
1160 691
1160 879
1161 53
1161 251
1161 471
1161 535
1161 691
1161 879
1162 52
1162 251
1162 471
1162 535
1162 691
1162 879
1163 51
1163 251
1163 471
1163 535
1163 691
1163 879
1164 50
1164 251
1164 471
1164 535
1164 691
1164 879
1165 49
1165 251
1165 471
1165 535
1165 691
1165 879
1166 48
1166 251
1166 471
1166 535
1166 691
1166 879
1167 47
1167 251
1167 471
1167 535
1167 691
1167 879
1168 46
1168 251
1168 471
1168 535
1168 691
1168 879
1169 45
1169 251
1169 471
1169 535
1169 691
1169 879
1170 44
1170 251
1170 471
1170 535
1170 691
1170 879
1171 43
1171 251
1171 471
1171 535
1171 691
1171 879
1172 42
1172 251
1172 471
1172 535
1172 691
1172 879
1173 41
1173 251
1173 471
1173 535
1173 691
1173 879
1174 40
1174 251
1174 471
1174 535
1174 691
1174 879
1175 39
1175 251
1175 471
1175 535
1175 691
1175 879
1176 38
1176 251
1176 471
1176 535
1176 691
1176 879
1177 37
1177 251
1177 471
1177 535
1177 691
1177 879
1178 36
1178 251
1178 471
1178 535
1178 691
1178 879
1179 35
1179 251
1179 471
1179 535
1179 691
1179 879
1180 34
1180 251
1180 471
1180 535
1180 691
1180 879
1181 33
1181 251
1181 471
1181 535
1181 691
1181 879
1182 32
1182 251
1182 471
1182 535
1182 691
1182 879
1183 31
1183 251
1183 471
1183 535
1183 691
1183 879
1184 30
1184 251
1184 471
1184 535
1184 691
1184 879
1185 29
1185 251
1185 471
1185 535
1185 691
1185 879
1186 28
1186 251
1186 471
1186 535
1186 691
1186 879
1187 27
1187 251
1187 471
1187 535
1187 691
1187 879
1188 26
1188 251
1188 471
1188 535
1188 691
1188 879
1189 25
1189 251
1189 471
1189 535
1189 691
1189 879
1190 24
1190 251
1190 471
1190 535
1190 691
1190 879
1191 23
1191 251
1191 471
1191 535
1191 691
1191 879
1192 22
1192 251
1192 471
1192 535
1192 691
1192 879
1193 21
1193 251
1193 471
1193 535
1193 691
1193 879
1194 20
1194 251
1194 471
1194 535
1194 691
1194 879
1195 19
1195 251
1195 471
1195 535
1195 691
1195 879
1196 18
1196 251
1196 471
1196 535
1196 625
1196 626
1196 627
1196 628
1196 629
1196 630
1196 631
1196 632
1196 633
1196 634
1196 635
1196 636
1196 637
1196 638
1196 639
1196 640
1196 641
1196 642
1196 643
1196 644
1196 645
1196 646
1196 647
1196 648
1196 649
1196 650
1196 651
1196 652
1196 653
1196 654
1196 655
1196 656
1196 657
1196 658
1196 659
1196 660
1196 661
1196 662
1196 663
1196 664
1196 665
1196 666
1196 667
1196 668
1196 669
1196 670
1196 671
1196 672
1196 673
1196 674
1196 675
1196 676
1196 677
1196 678
1196 679
1196 680
1196 681
1196 682
1196 683
1196 684
1196 685
1196 686
1196 687
1196 688
1196 689
1196 690
1196 691
1196 692
1196 693
1196 694
1196 695
1196 696
1196 697
1196 698
1196 699
1196 700
1196 701
1196 702
1196 703
1196 704
1196 705
1196 706
1196 707
1196 708
1196 709
1196 710
1196 711
1196 712
1196 713
1196 714
1196 715
1196 716
1196 717
1196 718
1196 719
1196 720
1196 721
1196 722
1196 723
1196 724
1196 725
1196 726
1196 727
1196 728
1196 729
1196 730
1196 731
1196 732
1196 733
1196 734
1196 735
1196 736
1196 737
1196 738
1196 739
1196 740
1196 741
1196 742
1196 743
1196 744
1196 745
1196 746
1196 747
1196 748
1196 749
1196 750
1196 751
1196 752
1196 753
1196 754
1196 755
1196 756
1196 757
1196 758
1196 759
1196 760
1196 761
1196 762
1196 763
1196 764
1196 765
1196 766
1196 767
1196 768
1196 769
1196 770
1196 771
1196 772
1196 773
1196 774
1196 775
1196 776
1196 777
1196 778
1196 779
1196 780
1196 781
1196 782
1196 783
1196 784
1196 785
1196 786
1196 787
1196 788
1196 789
1196 790
1196 791
1196 792
1196 793
1196 794
1196 795
1196 796
1196 797
1196 798
1196 799
1196 800
1196 801
1196 802
1196 803
1196 804
1196 805
1196 806
1196 807
1196 808
1196 809
1196 810
1196 811
1196 812
1196 813
1196 814
1196 815
1196 816
1196 817
1196 818
1196 819
1196 820
1196 821
1196 822
1196 823
1196 824
1196 825
1196 826
1196 827
1196 828
1196 829
1196 830
1196 831
1196 832
1196 833
1196 834
1196 835
1196 836
1196 837
1196 838
1196 839
1196 840
1196 841
1196 842
1196 843
1196 844
1196 845
1196 846
1196 847
1196 848
1196 849
1196 850
1196 851
1196 852
1196 853
1196 854
1196 855
1196 856
1196 857
1196 858
1196 859
1196 860
1196 861
1196 862
1196 863
1196 864
1196 865
1196 866
1196 867
1196 868
1196 869
1196 870
1196 871
1196 872
1196 873
1196 874
1196 875
1196 876
1196 877
1196 878
1196 879
1196 880
1196 881
1196 882
1196 883
1196 884
1196 885
1196 886
1196 887
1196 888
1196 889
1196 890
1196 891
1196 892
1196 893
1196 894
1196 895
1196 896
1196 897
1196 898
1196 899
1196 900
1196 901
1196 902
1196 903
1196 904
1196 905
1196 906
1196 907
1196 908
1196 909
1196 910
1196 911
1196 912
1196 913
1196 914
1196 915
1196 916
1196 917
1196 918
1196 919
1196 920
1196 921
1196 922
1196 923
1196 924
1196 925
1196 926
1196 927
1196 928
1196 929
1196 930
1196 931
1196 932
1196 933
1196 934
1196 935
1196 936
1196 937
1196 938
1196 939
1196 940
1196 941
1196 942
1196 943
1196 944
1196 945
1196 946
1196 947
1196 948
1196 949
1196 950
1196 951
1196 952
1196 953
1196 954
1196 955
1196 956
1196 957
1196 958
1196 959
1196 960
1196 961
1196 962
1196 963
1196 964
1196 965
1196 966
1196 967
1196 968
1196 969
1196 970
1196 971
1196 972
1196 973
1196 974
1196 975
1196 976
1196 977
1196 978
1196 979
1196 980
1196 981
1196 982
1196 983
1196 984
1196 985
1196 986
1196 987
1196 988
1196 989
1196 990
1196 991
1196 992
1196 993
1196 994
1196 995
1196 996
1196 997
1196 998
1196 999
1196 1000
1196 1001
1196 1002
1196 1003
1196 1004
1196 1005
1196 1006
1196 1007
1196 1008
1196 1009
1196 1010
1196 1011
1196 1012
1196 1013
1196 1014
1196 1015
1196 1016
1196 1017
1196 1018
1196 1019
1196 1020
1196 1021
1196 1022
1196 1023
1196 1024
1196 1025
1196 1026
1196 1027
1196 1028
1196 1029
1196 1030
1196 1031
1196 1032
1196 1033
1196 1034
1196 1035
1196 1036
1196 1037
1196 1038
1196 1039
1196 1040
1196 1041
1196 1042
1196 1043
1196 1044
1196 1045
1196 1046
1196 1047
1196 1048
1196 1049
1196 1050
1196 1051
1196 1052
1196 1053
1196 1054
1196 1055
1196 1056
1196 1057
1196 1058
1196 1059
1196 1060
1196 1061
1196 1062
1196 1063
1196 1064
1196 1065
1196 1066
1196 1067
1196 1068
1196 1069
1196 1070
1196 1071
1196 1072
1196 1073
1196 1074
1196 1075
1196 1076
1196 1077
1196 1078
1196 1079
1197 17
1197 251
1197 471
1197 535
1197 621
1197 622
1197 623
1197 624
1197 691
1197 879
1198 16
1198 251
1198 471
1198 535
1198 617
1198 618
1198 619
1198 620
1198 691
1198 879
1199 15
1199 251
1199 471
1199 535
1199 614
1199 615
1199 616
1199 691
1199 879
1200 14
1200 251
1200 471
1200 535
1200 611
1200 612
1200 613
1200 691
1200 879
1201 13
1201 251
1201 471
1201 535
1201 608
1201 609
1201 610
1201 691
1201 879
1202 12
1202 251
1202 471
1202 535
1202 606
1202 607
1202 691
1202 879
1203 11
1203 251
1203 471
1203 535
1203 604
1203 605
1203 691
1203 879
1204 10
1204 251
1204 471
1204 535
1204 601
1204 602
1204 603
1204 691
1204 879
1205 9
1205 251
1205 471
1205 535
1205 600
1205 691
1205 879
1206 8
1206 251
1206 471
1206 535
1206 598
1206 599
1206 691
1206 879
1207 7
1207 251
1207 471
1207 535
1207 597
1207 691
1207 879
1208 6
1208 251
1208 471
1208 535
1208 595
1208 596
1208 691
1208 879
1209 5
1209 251
1209 471
1209 535
1209 594
1209 691
1209 879
1210 4
1210 251
1210 471
1210 535
1210 593
1210 691
1210 879
1211 3
1211 251
1211 471
1211 535
1211 591
1211 592
1211 691
1211 879
1212 2
1212 251
1212 471
1212 535
1212 590
1212 691
1212 879
1213 1
1213 251
1213 471
1213 535
1213 589
1213 691
1213 879
1214 0
1214 251
1214 471
1214 535
1214 588
1214 691
1214 879
1215 251
1215 471
1215 535
1215 588
1215 691
1215 879
1216 251
1216 471
1216 535
1216 587
1216 691
1216 879
1217 251
1217 471
1217 535
1217 586
1217 691
1217 879
1218 251
1218 471
1218 535
1218 585
1218 691
1218 879
1219 251
1219 471
1219 535
1219 585
1219 691
1219 879
1220 251
1220 471
1220 535
1220 584
1220 691
1220 879
1221 251
1221 471
1221 535
1221 584
1221 691
1221 879
1222 251
1222 471
1222 535
1222 583
1222 691
1222 879
1223 251
1223 471
1223 535
1223 583
1223 691
1223 879
1224 251
1224 471
1224 535
1224 582
1224 691
1224 879
1225 251
1225 471
1225 535
1225 582
1225 691
1225 879
1226 251
1226 471
1226 535
1226 581
1226 691
1226 879
1227 251
1227 471
1227 535
1227 581
1227 691
1227 879
1228 251
1228 471
1228 535
1228 580
1228 691
1228 879
1229 251
1229 471
1229 535
1229 580
1229 691
1229 879
1230 251
1230 471
1230 535
1230 580
1230 691
1230 879
1231 251
1231 471
1231 535
1231 579
1231 691
1231 879
1232 251
1232 471
1232 535
1232 579
1232 691
1232 879
1233 251
1233 471
1233 535
1233 579
1233 691
1233 879
1234 251
1234 471
1234 535
1234 579
1234 691
1234 879
1235 251
1235 471
1235 535
1235 578
1235 691
1235 879
1236 251
1236 471
1236 535
1236 578
1236 691
1236 879
1237 251
1237 471
1237 535
1237 578
1237 691
1237 879
1238 251
1238 471
1238 535
1238 578
1238 691
1238 879
1239 251
1239 471
1239 535
1239 577
1239 691
1239 879
1240 251
1240 471
1240 535
1240 577
1240 691
1240 879
1241 251
1241 471
1241 535
1241 577
1241 691
1241 879
1242 251
1242 471
1242 535
1242 577
1242 691
1242 879
1243 251
1243 471
1243 535
1243 577
1243 691
1243 879
1244 251
1244 471
1244 535
1244 577
1244 691
1244 879
1245 251
1245 471
1245 535
1245 576
1245 691
1245 879
1246 251
1246 471
1246 535
1246 576
1246 691
1246 879
1247 251
1247 471
1247 535
1247 576
1247 691
1247 879
1248 251
1248 471
1248 535
1248 576
1248 691
1248 879
1249 251
1249 471
1249 535
1249 576
1249 691
1249 879
1250 251
1250 471
1250 535
1250 576
1250 691
1250 879
1251 251
1251 471
1251 535
1251 576
1251 691
1251 879
1252 251
1252 471
1252 535
1252 576
1252 691
1252 879
1253 251
1253 471
1253 535
1253 576
1253 691
1253 879
1254 251
1254 471
1254 535
1254 576
1254 691
1254 879
1255 251
1255 471
1255 535
1255 576
1255 691
1255 879
1256 251
1256 471
1256 535
1256 576
1256 691
1256 879
1257 251
1257 471
1257 535
1257 576
1257 691
1257 879
1258 251
1258 471
1258 535
1258 576
1258 691
1258 879
1259 251
1259 471
1259 535
1259 576
1259 691
1259 879
1260 251
1260 471
1260 535
1260 576
1260 691
1260 879
1261 251
1261 471
1261 535
1261 576
1261 691
1261 879
1262 251
1262 471
1262 535
1262 576
1262 691
1262 879
1263 251
1263 471
1263 535
1263 576
1263 691
1263 879
1264 251
1264 471
1264 535
1264 576
1264 691
1264 879
1265 251
1265 471
1265 535
1265 576
1265 691
1265 879
1266 251
1266 471
1266 535
1266 576
1266 691
1266 879
1267 251
1267 471
1267 535
1267 576
1267 691
1267 879
1268 251
1268 471
1268 535
1268 576
1268 691
1268 879
1269 251
1269 471
1269 535
1269 576
1269 691
1269 879
1270 251
1270 471
1270 535
1270 576
1270 691
1270 879
1271 251
1271 471
1271 535
1271 576
1271 691
1271 879
1272 251
1272 471
1272 535
1272 576
1272 691
1272 879
1273 251
1273 471
1273 535
1273 576
1273 691
1273 879
1274 251
1274 471
1274 535
1274 576
1274 691
1274 879
1275 251
1275 471
1275 535
1275 576
1275 691
1275 879
1276 251
1276 471
1276 535
1276 576
1276 691
1276 879
1277 251
1277 471
1277 535
1277 576
1277 691
1277 879
1278 251
1278 471
1278 535
1278 576
1278 691
1278 879
1279 251
1279 471
1279 535
1279 576
1279 691
1279 879
1280 251
1280 471
1280 535
1280 576
1280 691
1280 879
1281 251
1281 471
1281 535
1281 576
1281 691
1281 879
1282 251
1282 471
1282 535
1282 576
1282 691
1282 879
1283 251
1283 471
1283 535
1283 576
1283 691
1283 879
1284 251
1284 471
1284 535
1284 576
1284 691
1284 879
1285 251
1285 471
1285 535
1285 576
1285 691
1285 879
1286 251
1286 471
1286 535
1286 576
1286 691
1286 879
1287 251
1287 471
1287 535
1287 576
1287 691
1287 879
1288 251
1288 471
1288 535
1288 576
1288 691
1288 879
1289 251
1289 471
1289 535
1289 576
1289 691
1289 879
1290 251
1290 471
1290 535
1290 576
1290 691
1290 879
1291 251
1291 471
1291 535
1291 576
1291 691
1291 879
1292 251
1292 471
1292 535
1292 576
1292 691
1292 879
1293 251
1293 471
1293 535
1293 576
1293 691
1293 879
1294 251
1294 471
1294 535
1294 576
1294 691
1294 879
1295 251
1295 471
1295 535
1295 576
1295 691
1295 879
1296 251
1296 471
1296 535
1296 576
1296 691
1296 879
1297 251
1297 471
1297 535
1297 576
1297 691
1297 879
1298 251
1298 471
1298 535
1298 576
1298 691
1298 879
1299 251
1299 471
1299 535
1299 576
1299 691
1299 879
1300 251
1300 471
1300 535
1300 576
1300 691
1300 879
1301 251
1301 471
1301 535
1301 576
1301 691
1301 879
1302 251
1302 471
1302 535
1302 576
1302 691
1302 879
1303 251
1303 471
1303 535
1303 576
1303 691
1303 879
1304 251
1304 471
1304 535
1304 576
1304 691
1304 879
1305 251
1305 471
1305 535
1305 576
1305 691
1305 879
1306 251
1306 471
1306 535
1306 576
1306 691
1306 879
1307 251
1307 471
1307 535
1307 576
1307 691
1307 879
1308 251
1308 471
1308 535
1308 576
1308 691
1308 879
1309 251
1309 471
1309 535
1309 576
1309 691
1309 879
1310 251
1310 471
1310 535
1310 576
1310 691
1310 879
1311 251
1311 471
1311 535
1311 576
1311 691
1311 879
1312 251
1312 471
1312 535
1312 576
1312 691
1312 879
1313 251
1313 471
1313 535
1313 576
1313 691
1313 879
1314 251
1314 471
1314 535
1314 576
1314 691
1314 879
1315 251
1315 471
1315 535
1315 576
1315 691
1315 879
1316 251
1316 471
1316 535
1316 576
1316 691
1316 879
1317 251
1317 471
1317 535
1317 576
1317 691
1317 879
1318 251
1318 471
1318 535
1318 576
1318 691
1318 879
1319 251
1319 471
1319 535
1319 576
1319 691
1319 879
1320 251
1320 471
1320 535
1320 576
1320 691
1320 879
1321 251
1321 471
1321 535
1321 576
1321 691
1321 879
1322 251
1322 471
1322 535
1322 576
1322 691
1322 879
1323 251
1323 471
1323 535
1323 576
1323 691
1323 879
1324 251
1324 471
1324 535
1324 576
1324 691
1324 879
1325 251
1325 471
1325 535
1325 576
1325 691
1325 879
1326 251
1326 471
1326 535
1326 576
1326 691
1326 879
1327 251
1327 471
1327 535
1327 576
1327 691
1327 879
1328 251
1328 471
1328 535
1328 576
1328 691
1328 879
1329 251
1329 471
1329 535
1329 576
1329 691
1329 879
1330 251
1330 471
1330 535
1330 576
1330 691
1330 879
1331 251
1331 471
1331 535
1331 576
1331 691
1331 879
1332 251
1332 471
1332 535
1332 576
1332 691
1332 879
1333 251
1333 471
1333 535
1333 576
1333 691
1333 879
1334 251
1334 471
1334 535
1334 576
1334 691
1334 879
1335 251
1335 471
1335 535
1335 576
1335 691
1335 879
1336 251
1336 471
1336 535
1336 576
1336 691
1336 879
1337 251
1337 471
1337 535
1337 576
1337 691
1337 879
1338 251
1338 471
1338 535
1338 576
1338 691
1338 879
1339 251
1339 471
1339 535
1339 576
1339 691
1339 879
1340 251
1340 471
1340 535
1340 576
1340 691
1340 879
1341 251
1341 471
1341 535
1341 576
1341 691
1341 879
1342 251
1342 471
1342 535
1342 576
1342 691
1342 878
1342 879
1343 251
1343 471
1343 535
1343 576
1343 691
1343 878
1343 879
1344 251
1344 471
1344 535
1344 576
1344 691
1344 878
1344 879
1345 251
1345 471
1345 535
1345 576
1345 691
1345 878
1345 880
1346 251
1346 471
1346 535
1346 576
1346 691
1346 878
1346 880
1347 251
1347 471
1347 535
1347 576
1347 691
1347 878
1347 880
1348 251
1348 471
1348 535
1348 576
1348 691
1348 877
1348 880
1349 251
1349 471
1349 535
1349 576
1349 691
1349 877
1349 880
1350 251
1350 471
1350 535
1350 576
1350 691
1350 877
1350 880
1351 251
1351 471
1351 535
1351 576
1351 691
1351 877
1351 881
1352 251
1352 471
1352 535
1352 576
1352 691
1352 877
1352 881
1353 251
1353 471
1353 535
1353 576
1353 691
1353 877
1353 881
1354 251
1354 471
1354 535
1354 576
1354 691
1354 876
1354 881
1355 251
1355 471
1355 535
1355 576
1355 691
1355 876
1355 881
1356 251
1356 471
1356 535
1356 576
1356 691
1356 876
1356 881
1357 251
1357 471
1357 535
1357 576
1357 691
1357 876
1357 882
1358 251
1358 471
1358 535
1358 576
1358 691
1358 876
1358 882
1359 251
1359 471
1359 535
1359 576
1359 691
1359 875
1359 882
1360 251
1360 471
1360 535
1360 576
1360 691
1360 875
1360 882
1361 251
1361 471
1361 535
1361 576
1361 691
1361 875
1361 882
1362 251
1362 471
1362 535
1362 576
1362 691
1362 875
1362 883
1363 251
1363 471
1363 535
1363 576
1363 691
1363 875
1363 883
1364 251
1364 471
1364 535
1364 576
1364 691
1364 875
1364 883
1365 251
1365 471
1365 535
1365 576
1365 691
1365 874
1365 883
1366 251
1366 471
1366 535
1366 576
1366 691
1366 874
1366 883
1367 251
1367 471
1367 535
1367 576
1367 691
1367 874
1367 883
1368 251
1368 471
1368 535
1368 576
1368 691
1368 874
1368 884
1369 0
1369 1
1369 2
1369 3
1369 4
1369 5
1369 6
1369 7
1369 8
1369 9
1369 10
1369 11
1369 12
1369 13
1369 14
1369 15
1369 16
1369 17
1369 18
1369 19
1369 20
1369 21
1369 22
1369 23
1369 24
1369 25
1369 26
1369 27
1369 28
1369 29
1369 30
1369 31
1369 32
1369 33
1369 34
1369 35
1369 36
1369 37
1369 38
1369 39
1369 40
1369 41
1369 42
1369 43
1369 44
1369 45
1369 46
1369 47
1369 48
1369 49
1369 50
1369 51
1369 52
1369 53
1369 54
1369 55
1369 56
1369 57
1369 58
1369 59
1369 60
1369 61
1369 62
1369 63
1369 64
1369 65
1369 66
1369 67
1369 68
1369 69
1369 70
1369 71
1369 72
1369 73
1369 74
1369 75
1369 76
1369 77
1369 78
1369 79
1369 80
1369 81
1369 82
1369 83
1369 84
1369 85
1369 86
1369 87
1369 88
1369 89
1369 90
1369 91
1369 92
1369 93
1369 94
1369 95
1369 96
1369 97
1369 98
1369 99
1369 100
1369 101
1369 102
1369 103
1369 104
1369 105
1369 106
1369 107
1369 108
1369 109
1369 110
1369 111
1369 112
1369 113
1369 114
1369 115
1369 116
1369 117
1369 118
1369 119
1369 120
1369 121
1369 122
1369 123
1369 124
1369 125
1369 126
1369 127
1369 128
1369 129
1369 130
1369 131
1369 132
1369 133
1369 134
1369 135
1369 136
1369 137
1369 138
1369 139
1369 140
1369 141
1369 142
1369 143
1369 144
1369 145
1369 146
1369 147
1369 148
1369 149
1369 150
1369 151
1369 152
1369 153
1369 154
1369 155
1369 156
1369 157
1369 158
1369 159
1369 160
1369 161
1369 162
1369 163
1369 164
1369 165
1369 166
1369 167
1369 168
1369 169
1369 170
1369 171
1369 172
1369 173
1369 174
1369 175
1369 176
1369 177
1369 178
1369 179
1369 180
1369 181
1369 182
1369 183
1369 184
1369 185
1369 186
1369 187
1369 188
1369 189
1369 190
1369 191
1369 192
1369 193
1369 194
1369 195
1369 196
1369 197
1369 198
1369 199
1369 200
1369 201
1369 202
1369 203
1369 204
1369 205
1369 206
1369 207
1369 208
1369 209
1369 210
1369 211
1369 212
1369 213
1369 214
1369 215
1369 216
1369 217
1369 218
1369 219
1369 220
1369 221
1369 222
1369 223
1369 224
1369 225
1369 226
1369 227
1369 228
1369 229
1369 230
1369 231
1369 232
1369 233
1369 234
1369 235
1369 236
1369 237
1369 238
1369 239
1369 240
1369 241
1369 242
1369 243
1369 244
1369 245
1369 246
1369 247
1369 248
1369 249
1369 250
1369 251
1369 252
1369 253
1369 254
1369 255
1369 256
1369 257
1369 258
1369 259
1369 260
1369 261
1369 262
1369 263
1369 264
1369 265
1369 266
1369 267
1369 268
1369 269
1369 270
1369 271
1369 272
1369 273
1369 274
1369 275
1369 276
1369 277
1369 278
1369 279
1369 280
1369 281
1369 282
1369 283
1369 284
1369 285
1369 286
1369 287
1369 288
1369 289
1369 290
1369 291
1369 292
1369 293
1369 294
1369 295
1369 296
1369 297
1369 298
1369 299
1369 300
1369 301
1369 302
1369 303
1369 304
1369 305
1369 306
1369 307
1369 308
1369 309
1369 310
1369 311
1369 312
1369 313
1369 314
1369 315
1369 316
1369 317
1369 318
1369 319
1369 320
1369 321
1369 322
1369 323
1369 324
1369 325
1369 326
1369 327
1369 328
1369 329
1369 330
1369 331
1369 332
1369 333
1369 334
1369 335
1369 336
1369 337
1369 338
1369 339
1369 340
1369 341
1369 471
1369 535
1369 576
1369 691
1369 874
1369 884
1370 251
1370 342
1370 343
1370 344
1370 471
1370 535
1370 576
1370 691
1370 874
1370 884
1371 251
1371 345
1371 346
1371 471
1371 535
1371 576
1371 691
1371 873
1371 884
1372 251
1372 347
1372 348
1372 349
1372 471
1372 535
1372 576
1372 691
1372 873
1372 884
1373 251
1373 350
1373 351
1373 352
1373 471
1373 535
1373 576
1373 691
1373 873
1373 884
1374 251
1374 353
1374 354
1374 471
1374 535
1374 576
1374 691
1374 873
1374 885
1375 251
1375 355
1375 356
1375 357
1375 471
1375 535
1375 576
1375 691
1375 873
1375 885
1376 251
1376 358
1376 359
1376 471
1376 535
1376 576
1376 691
1376 872
1376 885
1377 251
1377 360
1377 361
1377 471
1377 535
1377 576
1377 691
1377 872
1377 885
1378 251
1378 362
1378 363
1378 471
1378 535
1378 576
1378 691
1378 872
1378 885
1379 251
1379 364
1379 471
1379 535
1379 576
1379 691
1379 872
1379 886
1380 251
1380 365
1380 366
1380 471
1380 535
1380 576
1380 691
1380 872
1380 886
1381 251
1381 367
1381 471
1381 535
1381 576
1381 691
1381 872
1381 886
1382 251
1382 368
1382 471
1382 535
1382 576
1382 691
1382 871
1382 886
1383 251
1383 369
1383 471
1383 535
1383 576
1383 691
1383 871
1383 886
1384 251
1384 370
1384 471
1384 535
1384 576
1384 691
1384 871
1384 886
1385 251
1385 370
1385 471
1385 535
1385 576
1385 691
1385 871
1385 887
1386 251
1386 371
1386 471
1386 535
1386 576
1386 691
1386 871
1386 887
1387 251
1387 372
1387 471
1387 535
1387 576
1387 691
1387 870
1387 887
1388 251
1388 372
1388 471
1388 535
1388 576
1388 691
1388 870
1388 887
1389 251
1389 373
1389 471
1389 535
1389 576
1389 691
1389 870
1389 887
1390 251
1390 373
1390 471
1390 535
1390 576
1390 691
1390 870
1390 887
1391 251
1391 374
1391 471
1391 535
1391 576
1391 691
1391 870
1391 888
1392 251
1392 374
1392 471
1392 535
1392 576
1392 691
1392 870
1392 888
1393 251
1393 374
1393 471
1393 535
1393 576
1393 691
1393 869
1393 888
1394 251
1394 375
1394 471
1394 535
1394 576
1394 691
1394 869
1394 888
1395 251
1395 375
1395 471
1395 535
1395 576
1395 691
1395 869
1395 888
1396 251
1396 375
1396 471
1396 535
1396 576
1396 691
1396 869
1396 889
1397 251
1397 376
1397 471
1397 535
1397 576
1397 691
1397 869
1397 889
1398 251
1398 376
1398 471
1398 535
1398 576
1398 691
1398 869
1398 889
1399 251
1399 376
1399 471
1399 535
1399 576
1399 691
1399 868
1399 889
1400 251
1400 377
1400 471
1400 535
1400 576
1400 691
1400 868
1400 889
1401 251
1401 377
1401 471
1401 535
1401 576
1401 691
1401 868
1401 889
1402 251
1402 377
1402 471
1402 535
1402 576
1402 691
1402 868
1402 890
1403 251
1403 378
1403 471
1403 535
1403 575
1403 691
1403 868
1403 890
1404 251
1404 378
1404 471
1404 535
1404 575
1404 691
1404 867
1404 890
1405 251
1405 378
1405 471
1405 535
1405 575
1405 691
1405 867
1405 890
1406 251
1406 378
1406 471
1406 535
1406 575
1406 691
1406 867
1406 890
1407 251
1407 379
1407 471
1407 535
1407 574
1407 691
1407 867
1407 890
1408 251
1408 379
1408 471
1408 535
1408 574
1408 691
1408 867
1408 891
1409 251
1409 379
1409 472
1409 535
1409 574
1409 691
1409 867
1409 891
1410 251
1410 379
1410 472
1410 535
1410 574
1410 691
1410 866
1410 891
1411 251
1411 379
1411 472
1411 535
1411 573
1411 691
1411 866
1411 891
1412 251
1412 379
1412 472
1412 535
1412 573
1412 691
1412 866
1412 891
1413 251
1413 379
1413 473
1413 535
1413 573
1413 691
1413 866
1413 892
1414 251
1414 379
1414 473
1414 535
1414 572
1414 691
1414 866
1414 892
1415 251
1415 379
1415 473
1415 535
1415 572
1415 691
1415 866
1415 892
1416 251
1416 379
1416 474
1416 535
1416 572
1416 691
1416 865
1416 892
1417 251
1417 379
1417 474
1417 535
1417 571
1417 691
1417 865
1417 892
1418 251
1418 379
1418 475
1418 535
1418 571
1418 691
1418 865
1418 892
1419 251
1419 379
1419 475
1419 535
1419 571
1419 691
1419 865
1419 893
1420 251
1420 379
1420 475
1420 535
1420 570
1420 691
1420 865
1420 893
1421 251
1421 379
1421 476
1421 535
1421 570
1421 691
1421 864
1421 893
1422 251
1422 379
1422 476
1422 535
1422 569
1422 691
1422 864
1422 893
1423 251
1423 379
1423 477
1423 535
1423 569
1423 691
1423 864
1423 893
1424 251
1424 379
1424 477
1424 535
1424 568
1424 691
1424 864
1424 893
1425 251
1425 379
1425 478
1425 535
1425 568
1425 691
1425 864
1425 894
1426 251
1426 379
1426 478
1426 535
1426 567
1426 691
1426 864
1426 894
1427 251
1427 379
1427 479
1427 535
1427 567
1427 691
1427 863
1427 894
1428 251
1428 379
1428 479
1428 535
1428 566
1428 691
1428 863
1428 894
1429 251
1429 379
1429 480
1429 535
1429 566
1429 691
1429 863
1429 894
1430 251
1430 379
1430 481
1430 535
1430 565
1430 691
1430 863
1430 895
1431 251
1431 379
1431 482
1431 535
1431 564
1431 691
1431 863
1431 895
1432 251
1432 379
1432 482
1432 535
1432 564
1432 691
1432 863
1432 895
1433 251
1433 379
1433 483
1433 535
1433 563
1433 691
1433 862
1433 895
1434 251
1434 379
1434 484
1434 535
1434 562
1434 691
1434 862
1434 895
1435 251
1435 379
1435 485
1435 535
1435 561
1435 691
1435 862
1435 895
1436 251
1436 379
1436 485
1436 535
1436 560
1436 691
1436 862
1436 896
1437 251
1437 379
1437 486
1437 535
1437 559
1437 691
1437 862
1437 896
1438 251
1438 379
1438 487
1438 488
1438 535
1438 558
1438 691
1438 861
1438 896
1439 251
1439 379
1439 489
1439 535
1439 557
1439 691
1439 861
1439 896
1440 251
1440 379
1440 490
1440 535
1440 556
1440 691
1440 861
1440 896
1441 251
1441 379
1441 491
1441 535
1441 555
1441 691
1441 861
1441 896
1442 251
1442 379
1442 492
1442 493
1442 535
1442 553
1442 554
1442 691
1442 861
1442 897
1443 251
1443 379
1443 494
1443 535
1443 551
1443 552
1443 691
1443 861
1443 897
1444 251
1444 379
1444 495
1444 535
1444 550
1444 691
1444 860
1444 897
1445 251
1445 379
1445 496
1445 497
1445 535
1445 548
1445 549
1445 691
1445 860
1445 897
1446 251
1446 379
1446 498
1446 499
1446 535
1446 545
1446 546
1446 547
1446 691
1446 860
1446 897
1447 251
1447 379
1447 500
1447 501
1447 535
1447 543
1447 544
1447 691
1447 860
1447 897
1448 251
1448 379
1448 502
1448 503
1448 535
1448 540
1448 541
1448 542
1448 691
1448 860
1448 898
1449 251
1449 379
1449 504
1449 505
1449 506
1449 507
1449 535
1449 536
1449 537
1449 538
1449 539
1449 691
1449 859
1449 898
1450 251
1450 379
1450 508
1450 509
1450 510
1450 511
1450 512
1450 532
1450 533
1450 534
1450 535
1450 691
1450 859
1450 898
1451 251
1451 379
1451 513
1451 514
1451 515
1451 516
1451 517
1451 518
1451 526
1451 527
1451 528
1451 529
1451 530
1451 531
1451 535
1451 691
1451 859
1451 898
1452 251
1452 379
1452 519
1452 520
1452 521
1452 522
1452 523
1452 524
1452 525
1452 535
1452 691
1452 859
1452 898
1453 251
1453 379
1453 535
1453 691
1453 859
1453 899
1454 251
1454 379
1454 535
1454 691
1454 859
1454 899
1455 251
1455 379
1455 535
1455 691
1455 858
1455 899
1456 251
1456 379
1456 535
1456 691
1456 858
1456 899
1457 251
1457 379
1457 535
1457 691
1457 858
1457 899
1458 251
1458 379
1458 535
1458 691
1458 858
1458 899
1459 251
1459 379
1459 535
1459 691
1459 858
1459 900
1460 251
1460 379
1460 535
1460 691
1460 858
1460 900
1461 251
1461 379
1461 535
1461 691
1461 857
1461 900
1462 251
1462 379
1462 535
1462 691
1462 857
1462 900
1463 251
1463 379
1463 535
1463 691
1463 857
1463 900
1464 251
1464 379
1464 535
1464 691
1464 857
1464 900
1465 251
1465 379
1465 535
1465 691
1465 857
1465 901
1466 251
1466 379
1466 535
1466 691
1466 856
1466 901
1467 251
1467 379
1467 535
1467 691
1467 856
1467 901
1468 251
1468 379
1468 535
1468 691
1468 856
1468 901
1469 251
1469 379
1469 535
1469 691
1469 856
1469 901
1470 251
1470 379
1470 535
1470 691
1470 856
1470 902
1471 251
1471 379
1471 535
1471 691
1471 856
1471 902
1472 251
1472 379
1472 535
1472 691
1472 855
1472 902
1473 251
1473 379
1473 535
1473 691
1473 855
1473 902
1474 251
1474 379
1474 535
1474 691
1474 855
1474 902
1475 251
1475 379
1475 535
1475 691
1475 855
1475 902
1476 251
1476 379
1476 535
1476 691
1476 855
1476 903
1477 251
1477 379
1477 535
1477 691
1477 855
1477 903
1478 251
1478 379
1478 535
1478 691
1478 854
1478 903
1479 251
1479 379
1479 535
1479 691
1479 854
1479 903
1480 251
1480 379
1480 535
1480 691
1480 854
1480 903
1481 251
1481 379
1481 535
1481 691
1481 854
1481 903
1482 251
1482 379
1482 535
1482 691
1482 854
1482 904
1483 251
1483 379
1483 535
1483 691
1483 853
1483 904
1484 251
1484 379
1484 535
1484 691
1484 853
1484 904
1485 251
1485 379
1485 535
1485 691
1485 853
1485 904
1486 251
1486 379
1486 535
1486 691
1486 853
1486 904
1487 251
1487 379
1487 535
1487 691
1487 853
1487 905
1488 251
1488 379
1488 535
1488 691
1488 853
1488 905
1489 251
1489 379
1489 535
1489 691
1489 852
1489 905
1490 251
1490 379
1490 535
1490 691
1490 852
1490 905
1491 251
1491 379
1491 535
1491 691
1491 852
1491 905
1492 251
1492 379
1492 535
1492 691
1492 852
1492 905
1493 251
1493 379
1493 535
1493 691
1493 852
1493 906
1494 251
1494 379
1494 535
1494 691
1494 852
1494 906
1495 251
1495 379
1495 535
1495 691
1495 851
1495 906
1496 251
1496 379
1496 535
1496 691
1496 851
1496 906
1497 251
1497 379
1497 535
1497 691
1497 851
1497 906
1498 251
1498 379
1498 535
1498 691
1498 851
1498 906
1499 251
1499 379
1499 535
1499 691
1499 851
1499 907
1500 251
1500 379
1500 535
1500 691
1500 850
1500 907
1501 251
1501 379
1501 535
1501 691
1501 850
1501 907
1502 251
1502 379
1502 535
1502 691
1502 850
1502 907
1503 251
1503 379
1503 535
1503 691
1503 850
1503 907
1504 251
1504 379
1504 535
1504 691
1504 850
1504 908
1505 251
1505 379
1505 535
1505 691
1505 850
1505 908
1506 251
1506 379
1506 535
1506 691
1506 849
1506 908
1507 251
1507 379
1507 535
1507 691
1507 849
1507 908
1508 251
1508 379
1508 535
1508 691
1508 849
1508 908
1509 251
1509 379
1509 535
1509 691
1509 849
1509 908
1510 251
1510 379
1510 535
1510 691
1510 849
1510 909
1511 251
1511 379
1511 535
1511 691
1511 849
1511 909
1512 251
1512 379
1512 535
1512 691
1512 848
1512 909
1513 251
1513 379
1513 535
1513 691
1513 848
1513 909
1514 251
1514 379
1514 535
1514 691
1514 848
1514 909
1515 251
1515 379
1515 535
1515 691
1515 848
1515 909
1516 251
1516 379
1516 535
1516 691
1516 848
1516 910
1517 251
1517 379
1517 535
1517 691
1517 847
1517 910
1518 251
1518 379
1518 535
1518 691
1518 847
1518 910
1519 251
1519 379
1519 535
1519 691
1519 847
1519 910
1520 251
1520 379
1520 535
1520 691
1520 847
1520 910
1521 251
1521 379
1521 535
1521 691
1521 847
1521 911
1522 251
1522 379
1522 535
1522 691
1522 847
1522 911
1523 251
1523 379
1523 535
1523 691
1523 846
1523 911
1524 251
1524 379
1524 535
1524 691
1524 846
1524 911
1525 251
1525 379
1525 535
1525 691
1525 846
1525 911
1526 251
1526 379
1526 535
1526 691
1526 846
1526 911
1527 251
1527 379
1527 535
1527 691
1527 846
1527 912
1528 251
1528 379
1528 535
1528 691
1528 845
1528 912
1529 251
1529 379
1529 535
1529 691
1529 845
1529 912
1530 251
1530 379
1530 535
1530 691
1530 845
1530 912
1531 251
1531 379
1531 535
1531 691
1531 845
1531 912
1532 251
1532 379
1532 535
1532 691
1532 845
1532 912
1533 251
1533 379
1533 535
1533 691
1533 845
1533 913
1534 251
1534 379
1534 535
1534 691
1534 844
1534 913
1535 251
1535 379
1535 535
1535 691
1535 844
1535 913
1536 251
1536 379
1536 535
1536 691
1536 844
1536 913
1537 251
1537 379
1537 535
1537 691
1537 844
1537 913
1538 251
1538 379
1538 535
1538 691
1538 844
1538 914
1539 251
1539 379
1539 535
1539 691
1539 844
1539 914
1540 251
1540 379
1540 535
1540 691
1540 843
1540 914
1541 251
1541 379
1541 535
1541 691
1541 843
1541 914
1542 251
1542 379
1542 535
1542 691
1542 843
1542 914
1543 251
1543 379
1543 535
1543 691
1543 843
1543 914
1544 251
1544 379
1544 535
1544 691
1544 843
1544 915
1545 251
1545 379
1545 535
1545 691
1545 842
1545 915
1546 251
1546 379
1546 535
1546 691
1546 842
1546 915
1547 251
1547 379
1547 535
1547 691
1547 842
1547 915
1548 251
1548 379
1548 535
1548 691
1548 842
1548 915
1549 251
1549 379
1549 535
1549 691
1549 842
1549 915
1550 251
1550 379
1550 535
1550 691
1550 842
1550 916
1551 251
1551 379
1551 535
1551 691
1551 841
1551 916
1552 251
1552 379
1552 535
1552 691
1552 841
1552 916
1553 251
1553 379
1553 535
1553 691
1553 841
1553 916
1554 251
1554 379
1554 535
1554 691
1554 841
1554 916
1555 251
1555 379
1555 535
1555 691
1555 841
1555 917
1556 251
1556 379
1556 535
1556 691
1556 841
1556 917
1557 251
1557 379
1557 535
1557 691
1557 840
1557 917
1558 251
1558 379
1558 535
1558 691
1558 840
1558 917
1559 251
1559 379
1559 535
1559 691
1559 840
1559 917
1560 251
1560 379
1560 535
1560 691
1560 840
1560 917
1561 251
1561 379
1561 535
1561 691
1561 840
1561 918
1562 251
1562 379
1562 535
1562 691
1562 839
1562 918
1563 251
1563 379
1563 535
1563 691
1563 839
1563 918
1564 251
1564 379
1564 535
1564 691
1564 839
1564 918
1565 251
1565 379
1565 535
1565 691
1565 839
1565 918
1566 251
1566 379
1566 535
1566 691
1566 839
1566 918
1567 251
1567 379
1567 535
1567 691
1567 839
1567 919
1568 251
1568 379
1568 535
1568 691
1568 838
1568 919
1569 251
1569 379
1569 535
1569 691
1569 838
1569 919
1570 251
1570 379
1570 535
1570 691
1570 838
1570 919
1571 251
1571 379
1571 535
1571 691
1571 838
1571 919
1572 251
1572 379
1572 535
1572 691
1572 838
1572 920
1573 251
1573 379
1573 535
1573 691
1573 838
1573 920
1574 251
1574 379
1574 535
1574 691
1574 837
1574 920
1575 251
1575 379
1575 535
1575 691
1575 837
1575 920
1576 251
1576 379
1576 535
1576 691
1576 837
1576 920
1577 251
1577 379
1577 535
1577 691
1577 837
1577 920
1578 251
1578 379
1578 535
1578 691
1578 837
1578 921
1579 251
1579 379
1579 535
1579 691
1579 836
1579 921
1580 251
1580 379
1580 535
1580 691
1580 836
1580 921
1581 251
1581 379
1581 535
1581 691
1581 836
1581 921
1582 251
1582 379
1582 535
1582 691
1582 836
1582 921
1583 251
1583 379
1583 535
1583 691
1583 836
1583 921
1584 251
1584 379
1584 535
1584 691
1584 836
1584 922
1585 251
1585 379
1585 535
1585 691
1585 835
1585 922
1586 251
1586 379
1586 535
1586 691
1586 835
1586 922
1587 251
1587 379
1587 535
1587 691
1587 835
1587 922
1588 251
1588 379
1588 535
1588 691
1588 835
1588 922
1589 251
1589 379
1589 535
1589 691
1589 835
1589 923
1590 251
1590 379
1590 535
1590 691
1590 835
1590 923
1591 251
1591 379
1591 535
1591 691
1591 834
1591 923
1592 251
1592 379
1592 535
1592 691
1592 834
1592 923
1593 251
1593 379
1593 535
1593 691
1593 834
1593 923
1594 251
1594 379
1594 535
1594 691
1594 834
1594 923
1595 251
1595 379
1595 535
1595 691
1595 834
1595 924
1596 251
1596 379
1596 535
1596 691
1596 833
1596 924
1597 251
1597 379
1597 535
1597 691
1597 833
1597 924
1598 251
1598 379
1598 535
1598 691
1598 833
1598 924
1599 251
1599 379
1599 535
1599 691
1599 833
1599 924
1600 251
1600 379
1600 535
1600 691
1600 833
1600 924
1601 251
1601 379
1601 535
1601 691
1601 833
1601 925
1602 251
1602 379
1602 535
1602 691
1602 832
1602 925
1603 251
1603 379
1603 535
1603 691
1603 832
1603 925
1604 251
1604 379
1604 535
1604 691
1604 832
1604 925
1605 251
1605 379
1605 535
1605 691
1605 832
1605 925
1606 251
1606 379
1606 535
1606 691
1606 832
1606 926
1607 251
1607 379
1607 535
1607 690
1607 831
1607 926
1608 251
1608 379
1608 535
1608 690
1608 831
1608 926
1609 251
1609 379
1609 535
1609 690
1609 831
1609 926
1610 251
1610 379
1610 535
1610 690
1610 831
1610 926
1611 251
1611 379
1611 535
1611 689
1611 831
1611 926
1612 251
1612 379
1612 535
1612 689
1612 831
1612 927
1613 251
1613 379
1613 535
1613 689
1613 830
1613 927
1614 251
1614 379
1614 535
1614 689
1614 830
1614 927
1615 251
1615 379
1615 535
1615 688
1615 830
1615 927
1616 251
1616 379
1616 535
1616 688
1616 830
1616 927
1617 251
1617 379
1617 535
1617 688
1617 830
1617 927
1618 251
1618 379
1618 535
1618 688
1618 830
1618 928
1619 251
1619 379
1619 535
1619 687
1619 829
1619 928
1620 251
1620 379
1620 535
1620 687
1620 829
1620 928
1621 251
1621 379
1621 535
1621 687
1621 829
1621 928
1622 251
1622 379
1622 535
1622 686
1622 829
1622 928
1623 251
1623 379
1623 535
1623 686
1623 829
1623 929
1624 251
1624 379
1624 535
1624 685
1624 828
1624 929
1625 251
1625 379
1625 535
1625 685
1625 828
1625 929
1626 251
1626 379
1626 535
1626 684
1626 828
1626 929
1627 251
1627 379
1627 535
1627 684
1627 828
1627 929
1628 251
1628 379
1628 535
1628 683
1628 828
1628 929
1629 251
1629 379
1629 535
1629 682
1629 828
1629 930
1630 251
1630 379
1630 535
1630 682
1630 827
1630 930
1631 251
1631 379
1631 535
1631 681
1631 827
1631 930
1632 251
1632 379
1632 535
1632 679
1632 680
1632 827
1632 930
1633 251
1633 379
1633 535
1633 678
1633 827
1633 930
1634 251
1634 379
1634 535
1634 676
1634 677
1634 827
1634 930
1635 251
1635 379
1635 535
1635 674
1635 675
1635 827
1635 931
1636 251
1636 379
1636 535
1636 672
1636 673
1636 826
1636 931
1637 251
1637 379
1637 535
1637 670
1637 671
1637 826
1637 931
1638 251
1638 379
1638 535
1638 667
1638 668
1638 669
1638 826
1638 931
1639 251
1639 379
1639 535
1639 664
1639 665
1639 666
1639 826
1639 931
1640 251
1640 379
1640 535
1640 661
1640 662
1640 663
1640 826
1640 931
1641 251
1641 379
1641 535
1641 658
1641 659
1641 660
1641 825
1641 932
1642 251
1642 379
1642 535
1642 655
1642 656
1642 657
1642 825
1642 932
1643 251
1643 379
1643 380
1643 381
1643 382
1643 383
1643 384
1643 385
1643 386
1643 387
1643 388
1643 389
1643 390
1643 391
1643 392
1643 393
1643 394
1643 395
1643 396
1643 397
1643 398
1643 399
1643 400
1643 401
1643 402
1643 403
1643 404
1643 405
1643 406
1643 407
1643 408
1643 409
1643 410
1643 411
1643 412
1643 413
1643 414
1643 415
1643 416
1643 417
1643 418
1643 419
1643 420
1643 421
1643 422
1643 423
1643 424
1643 425
1643 426
1643 427
1643 428
1643 429
1643 430
1643 431
1643 432
1643 433
1643 434
1643 435
1643 436
1643 437
1643 438
1643 439
1643 440
1643 441
1643 442
1643 443
1643 444
1643 445
1643 446
1643 447
1643 448
1643 449
1643 450
1643 451
1643 452
1643 453
1643 454
1643 455
1643 456
1643 457
1643 458
1643 459
1643 460
1643 461
1643 462
1643 463
1643 464
1643 465
1643 466
1643 467
1643 468
1643 469
1643 470
1643 471
1643 472
1643 473
1643 474
1643 475
1643 476
1643 477
1643 478
1643 479
1643 480
1643 481
1643 482
1643 483
1643 484
1643 485
1643 486
1643 487
1643 488
1643 489
1643 490
1643 491
1643 492
1643 493
1643 494
1643 495
1643 496
1643 497
1643 498
1643 499
1643 500
1643 501
1643 502
1643 503
1643 504
1643 505
1643 506
1643 507
1643 508
1643 509
1643 510
1643 511
1643 512
1643 513
1643 514
1643 515
1643 516
1643 517
1643 518
1643 519
1643 520
1643 521
1643 522
1643 523
1643 524
1643 525
1643 526
1643 527
1643 528
1643 529
1643 530
1643 531
1643 532
1643 533
1643 534
1643 535
1643 536
1643 537
1643 538
1643 539
1643 540
1643 541
1643 542
1643 543
1643 544
1643 545
1643 546
1643 547
1643 548
1643 549
1643 550
1643 551
1643 552
1643 553
1643 554
1643 555
1643 556
1643 557
1643 558
1643 559
1643 560
1643 561
1643 562
1643 563
1643 564
1643 565
1643 566
1643 567
1643 568
1643 569
1643 570
1643 571
1643 572
1643 573
1643 574
1643 575
1643 576
1643 577
1643 578
1643 579
1643 580
1643 581
1643 582
1643 583
1643 584
1643 585
1643 586
1643 587
1643 588
1643 589
1643 590
1643 591
1643 592
1643 593
1643 594
1643 595
1643 596
1643 597
1643 598
1643 599
1643 600
1643 601
1643 602
1643 603
1643 604
1643 605
1643 606
1643 607
1643 608
1643 609
1643 610
1643 611
1643 612
1643 613
1643 614
1643 615
1643 616
1643 617
1643 618
1643 619
1643 620
1643 621
1643 622
1643 623
1643 624
1643 625
1643 626
1643 627
1643 628
1643 629
1643 630
1643 631
1643 632
1643 633
1643 634
1643 635
1643 636
1643 637
1643 638
1643 639
1643 640
1643 641
1643 642
1643 643
1643 644
1643 645
1643 646
1643 647
1643 648
1643 649
1643 650
1643 651
1643 652
1643 653
1643 654
1643 825
1643 932
1644 251
1644 379
1644 535
1644 825
1644 932
1645 251
1645 379
1645 535
1645 825
1645 932
1646 251
1646 379
1646 535
1646 825
1646 933
1647 251
1647 379
1647 535
1647 824
1647 933
1648 251
1648 379
1648 535
1648 824
1648 933
1649 251
1649 379
1649 535
1649 824
1649 933
1650 251
1650 379
1650 535
1650 824
1650 933
1651 251
1651 379
1651 535
1651 824
1651 933
1652 251
1652 379
1652 535
1652 824
1652 934
1653 251
1653 379
1653 535
1653 823
1653 934
1654 251
1654 379
1654 535
1654 823
1654 934
1655 251
1655 379
1655 535
1655 823
1655 934
1656 251
1656 379
1656 535
1656 823
1656 934
1657 251
1657 379
1657 535
1657 823
1657 934
1658 251
1658 379
1658 535
1658 822
1658 935
1659 251
1659 379
1659 535
1659 822
1659 935
1660 251
1660 379
1660 535
1660 822
1660 935
1661 251
1661 379
1661 535
1661 822
1661 935
1662 251
1662 379
1662 535
1662 822
1662 935
1663 251
1663 379
1663 535
1663 822
1663 936
1664 251
1664 379
1664 535
1664 821
1664 936
1665 251
1665 379
1665 535
1665 821
1665 936
1666 251
1666 379
1666 535
1666 821
1666 936
1667 251
1667 379
1667 535
1667 821
1667 936
1668 251
1668 379
1668 535
1668 821
1668 936
1669 251
1669 379
1669 535
1669 820
1669 937
1670 251
1670 379
1670 535
1670 820
1670 937
1671 251
1671 379
1671 535
1671 820
1671 937
1672 251
1672 379
1672 535
1672 820
1672 937
1673 251
1673 379
1673 535
1673 820
1673 937
1674 251
1674 379
1674 535
1674 820
1674 937
1675 251
1675 379
1675 535
1675 819
1675 938
1676 251
1676 379
1676 535
1676 819
1676 938
1677 251
1677 379
1677 535
1677 819
1677 938
1678 251
1678 379
1678 535
1678 819
1678 938
1679 251
1679 379
1679 535
1679 819
1679 938
1680 251
1680 379
1680 535
1680 819
1680 939
1681 251
1681 379
1681 535
1681 818
1681 939
1682 251
1682 379
1682 535
1682 818
1682 939
1683 251
1683 379
1683 535
1683 818
1683 939
1684 251
1684 379
1684 535
1684 818
1684 939
1685 251
1685 379
1685 535
1685 818
1685 939
1686 251
1686 379
1686 535
1686 817
1686 940
1687 251
1687 379
1687 535
1687 817
1687 940
1688 251
1688 379
1688 535
1688 817
1688 940
1689 251
1689 379
1689 535
1689 817
1689 940
1690 251
1690 379
1690 535
1690 817
1690 940
1691 251
1691 379
1691 535
1691 817
1691 940
1692 251
1692 379
1692 535
1692 816
1692 941
1693 251
1693 379
1693 535
1693 816
1693 941
1694 251
1694 379
1694 535
1694 816
1694 941
1695 251
1695 379
1695 535
1695 816
1695 941
1696 251
1696 379
1696 535
1696 816
1696 941
1697 251
1697 379
1697 535
1697 816
1697 942
1698 251
1698 379
1698 535
1698 815
1698 942
1699 251
1699 379
1699 535
1699 815
1699 942
1700 251
1700 379
1700 535
1700 815
1700 942
1701 251
1701 379
1701 535
1701 815
1701 942
1702 251
1702 379
1702 535
1702 815
1702 942
1703 251
1703 379
1703 535
1703 814
1703 943
1704 251
1704 379
1704 535
1704 814
1704 943
1705 251
1705 379
1705 535
1705 814
1705 943
1706 251
1706 379
1706 535
1706 814
1706 943
1707 251
1707 379
1707 535
1707 814
1707 943
1708 251
1708 379
1708 535
1708 814
1708 943
1709 251
1709 379
1709 535
1709 813
1709 944
1710 251
1710 379
1710 535
1710 813
1710 944
1711 251
1711 379
1711 535
1711 813
1711 944
1712 251
1712 379
1712 535
1712 813
1712 944
1713 251
1713 379
1713 535
1713 813
1713 944
1714 251
1714 379
1714 535
1714 813
1714 945
1715 251
1715 379
1715 535
1715 812
1715 945
1716 251
1716 379
1716 535
1716 812
1716 945
1717 251
1717 379
1717 535
1717 812
1717 945
1718 251
1718 379
1718 535
1718 812
1718 945
1719 251
1719 379
1719 535
1719 812
1719 945
1720 251
1720 379
1720 535
1720 811
1720 946
1721 251
1721 379
1721 535
1721 811
1721 946
1722 251
1722 379
1722 535
1722 811
1722 946
1723 251
1723 379
1723 535
1723 811
1723 946
1724 251
1724 379
1724 535
1724 811
1724 946
1725 251
1725 379
1725 535
1725 811
1725 946
1726 251
1726 379
1726 535
1726 810
1726 947
1727 251
1727 379
1727 535
1727 810
1727 947
1728 251
1728 379
1728 535
1728 810
1728 947
1729 251
1729 379
1729 535
1729 810
1729 947
1730 251
1730 379
1730 535
1730 810
1730 947
1731 251
1731 379
1731 535
1731 810
1731 948
1732 251
1732 379
1732 535
1732 809
1732 948
1733 251
1733 379
1733 535
1733 809
1733 948
1734 251
1734 379
1734 535
1734 809
1734 948
1735 251
1735 379
1735 535
1735 809
1735 948
1736 0
1736 1
1736 2
1736 3
1736 4
1736 5
1736 6
1736 7
1736 8
1736 9
1736 10
1736 11
1736 12
1736 13
1736 14
1736 15
1736 16
1736 17
1736 18
1736 19
1736 20
1736 21
1736 22
1736 23
1736 24
1736 25
1736 26
1736 27
1736 28
1736 29
1736 30
1736 31
1736 32
1736 33
1736 34
1736 35
1736 36
1736 37
1736 38
1736 39
1736 40
1736 41
1736 42
1736 43
1736 44
1736 45
1736 46
1736 47
1736 48
1736 49
1736 50
1736 51
1736 52
1736 53
1736 54
1736 55
1736 56
1736 57
1736 58
1736 59
1736 60
1736 61
1736 62
1736 63
1736 64
1736 65
1736 66
1736 67
1736 68
1736 69
1736 70
1736 71
1736 72
1736 73
1736 74
1736 75
1736 76
1736 77
1736 78
1736 79
1736 80
1736 81
1736 82
1736 83
1736 84
1736 85
1736 86
1736 87
1736 88
1736 89
1736 90
1736 91
1736 92
1736 93
1736 94
1736 95
1736 96
1736 97
1736 98
1736 99
1736 100
1736 101
1736 102
1736 103
1736 104
1736 105
1736 106
1736 107
1736 108
1736 109
1736 110
1736 111
1736 112
1736 113
1736 114
1736 115
1736 116
1736 117
1736 118
1736 119
1736 120
1736 121
1736 122
1736 123
1736 124
1736 125
1736 126
1736 127
1736 128
1736 129
1736 130
1736 131
1736 132
1736 133
1736 134
1736 135
1736 136
1736 137
1736 138
1736 139
1736 140
1736 141
1736 142
1736 143
1736 144
1736 145
1736 146
1736 147
1736 148
1736 149
1736 150
1736 151
1736 152
1736 153
1736 154
1736 155
1736 156
1736 157
1736 158
1736 159
1736 160
1736 161
1736 162
1736 163
1736 164
1736 165
1736 166
1736 167
1736 168
1736 169
1736 170
1736 171
1736 172
1736 173
1736 174
1736 175
1736 176
1736 177
1736 178
1736 179
1736 180
1736 181
1736 182
1736 183
1736 184
1736 185
1736 186
1736 187
1736 188
1736 189
1736 190
1736 191
1736 192
1736 193
1736 194
1736 195
1736 196
1736 197
1736 198
1736 199
1736 200
1736 201
1736 202
1736 203
1736 204
1736 205
1736 206
1736 207
1736 208
1736 209
1736 210
1736 211
1736 212
1736 213
1736 214
1736 215
1736 216
1736 217
1736 218
1736 219
1736 220
1736 221
1736 222
1736 223
1736 224
1736 225
1736 226
1736 227
1736 228
1736 229
1736 230
1736 231
1736 232
1736 233
1736 234
1736 235
1736 236
1736 237
1736 238
1736 239
1736 240
1736 241
1736 242
1736 243
1736 244
1736 245
1736 246
1736 247
1736 248
1736 249
1736 250
1736 251
1736 379
1736 535
1736 809
1736 948
1737 251
1737 379
1737 535
1737 808
1737 949
1738 251
1738 379
1738 535
1738 808
1738 949
1739 251
1739 379
1739 535
1739 808
1739 949
1740 251
1740 379
1740 535
1740 808
1740 949
1741 251
1741 379
1741 535
1741 808
1741 949
1742 251
1742 379
1742 535
1742 808
1742 949
1743 251
1743 379
1743 535
1743 807
1743 950
1744 251
1744 379
1744 535
1744 807
1744 950
1745 251
1745 379
1745 535
1745 807
1745 950
1746 251
1746 379
1746 535
1746 807
1746 950
1747 251
1747 379
1747 535
1747 807
1747 950
1748 251
1748 379
1748 535
1748 806
1748 951
1749 251
1749 379
1749 535
1749 806
1749 951
1750 251
1750 379
1750 535
1750 806
1750 951
1751 251
1751 379
1751 535
1751 806
1751 951
1752 251
1752 379
1752 535
1752 806
1752 951
1753 251
1753 379
1753 535
1753 806
1753 951
1754 251
1754 379
1754 535
1754 805
1754 952
1755 251
1755 379
1755 535
1755 805
1755 952
1756 251
1756 379
1756 535
1756 805
1756 952
1757 251
1757 379
1757 535
1757 805
1757 952
1758 251
1758 379
1758 535
1758 805
1758 952
1759 251
1759 379
1759 535
1759 805
1759 952
1760 251
1760 379
1760 535
1760 804
1760 953
1761 251
1761 379
1761 535
1761 804
1761 953
1762 251
1762 379
1762 535
1762 804
1762 953
1763 251
1763 379
1763 535
1763 804
1763 953
1764 251
1764 379
1764 535
1764 804
1764 953
1765 251
1765 379
1765 535
1765 803
1765 954
1766 251
1766 379
1766 535
1766 803
1766 954
1767 251
1767 379
1767 535
1767 803
1767 954
1768 251
1768 379
1768 535
1768 803
1768 954
1769 251
1769 379
1769 535
1769 803
1769 954
1770 251
1770 379
1770 535
1770 803
1770 954
1771 251
1771 379
1771 535
1771 802
1771 955
1772 251
1772 379
1772 535
1772 802
1772 955
1773 251
1773 379
1773 535
1773 802
1773 955
1774 251
1774 379
1774 535
1774 802
1774 955
1775 251
1775 379
1775 535
1775 802
1775 955
1776 251
1776 379
1776 535
1776 802
1776 955
1777 251
1777 379
1777 535
1777 801
1777 956
1778 251
1778 379
1778 535
1778 801
1778 956
1779 251
1779 379
1779 535
1779 801
1779 956
1780 251
1780 379
1780 535
1780 801
1780 956
1781 251
1781 379
1781 535
1781 801
1781 956
1782 251
1782 379
1782 535
1782 800
1782 957
1783 251
1783 379
1783 535
1783 800
1783 957
1784 251
1784 379
1784 535
1784 800
1784 957
1785 251
1785 379
1785 535
1785 800
1785 957
1786 251
1786 379
1786 535
1786 800
1786 957
1787 251
1787 379
1787 535
1787 800
1787 957
1788 251
1788 379
1788 535
1788 799
1788 958
1789 251
1789 379
1789 535
1789 799
1789 958
1790 251
1790 379
1790 535
1790 799
1790 958
1791 251
1791 379
1791 535
1791 799
1791 958
1792 251
1792 379
1792 535
1792 799
1792 958
1793 251
1793 379
1793 535
1793 799
1793 958
1794 251
1794 379
1794 535
1794 798
1794 959
1795 251
1795 379
1795 535
1795 798
1795 959
1796 251
1796 379
1796 535
1796 798
1796 959
1797 251
1797 379
1797 535
1797 798
1797 959
1798 251
1798 379
1798 535
1798 798
1798 959
1799 251
1799 379
1799 535
1799 797
1799 960
1800 251
1800 379
1800 535
1800 797
1800 960
1801 251
1801 379
1801 535
1801 797
1801 960
1802 251
1802 379
1802 535
1802 797
1802 960
1803 251
1803 379
1803 535
1803 797
1803 960
1804 251
1804 379
1804 535
1804 797
1804 960
1805 251
1805 379
1805 535
1805 796
1805 961
1806 251
1806 379
1806 535
1806 796
1806 961
1807 251
1807 379
1807 535
1807 796
1807 961
1808 251
1808 379
1808 535
1808 796
1808 961
1809 251
1809 379
1809 535
1809 796
1809 961
1810 251
1810 379
1810 535
1810 796
1810 961
1811 251
1811 379
1811 535
1811 795
1811 962
1812 251
1812 379
1812 535
1812 795
1812 962
1813 251
1813 379
1813 535
1813 795
1813 962
1814 251
1814 379
1814 535
1814 795
1814 962
1815 251
1815 379
1815 535
1815 795
1815 962
1816 251
1816 379
1816 535
1816 794
1816 963
1817 251
1817 379
1817 535
1817 794
1817 963
1818 251
1818 379
1818 535
1818 794
1818 963
1819 251
1819 379
1819 535
1819 794
1819 963
1820 251
1820 379
1820 535
1820 794
1820 963
1821 251
1821 379
1821 535
1821 794
1821 963
1822 251
1822 379
1822 535
1822 793
1822 964
1823 251
1823 379
1823 535
1823 793
1823 964
1824 251
1824 379
1824 535
1824 793
1824 964
1825 251
1825 379
1825 535
1825 793
1825 964
1826 251
1826 379
1826 535
1826 793
1826 964
1827 251
1827 379
1827 535
1827 792
1827 964
1828 251
1828 379
1828 535
1828 792
1828 965
1829 251
1829 379
1829 535
1829 792
1829 965
1830 251
1830 379
1830 535
1830 792
1830 965
1831 251
1831 379
1831 535
1831 792
1831 965
1832 251
1832 379
1832 535
1832 792
1832 965
1833 251
1833 379
1833 535
1833 791
1833 965
1834 251
1834 379
1834 535
1834 791
1834 966
1835 251
1835 379
1835 535
1835 791
1835 966
1836 251
1836 379
1836 535
1836 791
1836 966
1837 251
1837 379
1837 535
1837 791
1837 966
1838 251
1838 379
1838 535
1838 791
1838 966
1839 251
1839 379
1839 535
1839 790
1839 967
1840 251
1840 379
1840 535
1840 790
1840 967
1841 251
1841 379
1841 535
1841 790
1841 967
1842 251
1842 379
1842 535
1842 790
1842 967
1843 251
1843 379
1843 535
1843 790
1843 967
1844 251
1844 379
1844 535
1844 789
1844 967
1845 251
1845 379
1845 535
1845 789
1845 968
1846 251
1846 379
1846 535
1846 789
1846 968
1847 251
1847 379
1847 535
1847 789
1847 968
1848 251
1848 379
1848 535
1848 789
1848 968
1849 251
1849 379
1849 535
1849 789
1849 968
1850 251
1850 379
1850 535
1850 788
1850 968
1851 251
1851 379
1851 535
1851 788
1851 969
1852 251
1852 379
1852 535
1852 788
1852 969
1853 251
1853 379
1853 535
1853 788
1853 969
1854 251
1854 379
1854 535
1854 788
1854 969
1855 251
1855 379
1855 535
1855 788
1855 969
1856 251
1856 379
1856 535
1856 787
1856 970
1857 251
1857 379
1857 535
1857 787
1857 970
1858 251
1858 379
1858 535
1858 787
1858 970
1859 251
1859 379
1859 535
1859 787
1859 970
1860 251
1860 379
1860 535
1860 787
1860 970
1861 251
1861 379
1861 535
1861 786
1861 970
1862 251
1862 379
1862 535
1862 786
1862 971
1863 251
1863 379
1863 535
1863 786
1863 971
1864 251
1864 379
1864 535
1864 786
1864 971
1865 251
1865 379
1865 535
1865 786
1865 971
1866 251
1866 379
1866 535
1866 786
1866 971
1867 251
1867 379
1867 535
1867 785
1867 971
1868 251
1868 379
1868 535
1868 785
1868 972
1869 251
1869 379
1869 535
1869 785
1869 972
1870 251
1870 379
1870 535
1870 785
1870 972
1871 251
1871 379
1871 535
1871 785
1871 972
1872 251
1872 379
1872 535
1872 785
1872 972
1873 251
1873 379
1873 535
1873 784
1873 973
1874 251
1874 379
1874 535
1874 784
1874 973
1875 251
1875 379
1875 535
1875 784
1875 973
1876 251
1876 379
1876 535
1876 784
1876 973
1877 251
1877 379
1877 535
1877 784
1877 973
1878 251
1878 379
1878 535
1878 783
1878 973
1879 251
1879 379
1879 535
1879 783
1879 974
1880 251
1880 379
1880 535
1880 783
1880 974
1881 251
1881 379
1881 535
1881 783
1881 974
1882 251
1882 379
1882 535
1882 783
1882 974
1883 251
1883 379
1883 535
1883 783
1883 974
1884 251
1884 379
1884 535
1884 782
1884 974
1885 251
1885 379
1885 535
1885 782
1885 975
1886 251
1886 379
1886 535
1886 782
1886 975
1887 251
1887 379
1887 535
1887 782
1887 975
1888 251
1888 379
1888 535
1888 782
1888 975
1889 251
1889 379
1889 535
1889 781
1889 975
1890 251
1890 379
1890 535
1890 781
1890 976
1891 251
1891 379
1891 535
1891 781
1891 976
1892 251
1892 379
1892 535
1892 781
1892 976
1893 251
1893 379
1893 535
1893 781
1893 976
1894 251
1894 379
1894 535
1894 781
1894 976
1895 251
1895 379
1895 535
1895 780
1895 976
1896 251
1896 379
1896 535
1896 780
1896 977
1897 251
1897 379
1897 535
1897 780
1897 977
1898 251
1898 379
1898 535
1898 780
1898 977
1899 251
1899 379
1899 535
1899 780
1899 977
1900 251
1900 379
1900 535
1900 780
1900 977
1901 251
1901 379
1901 535
1901 779
1901 977
1902 251
1902 379
1902 535
1902 779
1902 978
1903 251
1903 379
1903 535
1903 779
1903 978
1904 251
1904 379
1904 535
1904 779
1904 978
1905 251
1905 379
1905 535
1905 779
1905 978
1906 251
1906 379
1906 535
1906 778
1906 978
1907 251
1907 379
1907 535
1907 778
1907 979
1908 251
1908 379
1908 535
1908 778
1908 979
1909 251
1909 379
1909 535
1909 778
1909 979
1910 251
1910 379
1910 535
1910 778
1910 979
1911 251
1911 379
1911 535
1911 778
1911 979
1912 251
1912 379
1912 535
1912 777
1912 979
1913 251
1913 379
1913 535
1913 777
1913 980
1914 251
1914 379
1914 535
1914 777
1914 980
1915 251
1915 379
1915 535
1915 777
1915 980
1916 251
1916 379
1916 535
1916 777
1916 980
1917 251
1917 379
1917 535
1917 777
1917 980
1918 251
1918 379
1918 535
1918 776
1918 980
1919 251
1919 379
1919 535
1919 776
1919 981
